date,trade_count,wins,losses,gross_pnl,net_pnl,avg_win,avg_loss,win_rate,max_single_loss,max_single_win,killswitch_triggered,day_result
2020-01-02,4,0,4,-20.0,-95.6,0.0,-23.9,0.0,-23.9,-23.9,0,LOSS
2020-01-03,5,1,4,347.5,253.0,348.6,-23.9,20.0,-23.9,348.6,0,WIN
2020-01-06,4,1,3,552.5,476.9,548.6,-23.9,25.0,-23.9,548.6,0,WIN
2020-01-07,5,2,3,165.0,70.5,71.1,-23.9,40.0,-23.9,126.1,0,WIN
2020-01-08,5,1,4,725.0,630.5,726.1,-23.9,20.0,-23.9,726.1,0,WIN
2020-01-09,4,1,3,185.0,109.4,181.1,-23.9,25.0,-23.9,181.1,0,WIN
2020-01-10,5,1,4,280.0,185.5,281.1,-23.9,20.0,-23.9,281.1,0,WIN
2020-01-13,5,0,5,-25.0,-119.5,0.0,-23.9,0.0,-23.9,-23.9,0,LOSS
2020-01-14,4,1,3,262.5,186.9,258.6,-23.9,25.0,-23.9,258.6,0,WIN
2020-01-15,4,1,3,245.0,169.4,241.1,-23.9,25.0,-23.9,241.1,0,WIN
2020-01-16,5,1,4,150.0,55.5,151.1,-23.9,20.0,-23.9,151.1,0,WIN
2020-01-17,4,1,3,20.0,-55.6,16.1,-23.9,25.0,-23.9,16.1,0,LOSS
2020-01-20,2,0,2,-10.0,-47.8,0.0,-23.9,0.0,-23.9,-23.9,0,LOSS
2020-01-21,5,2,3,1000.0,905.5,488.6,-23.9,40.0,-23.9,746.1,0,WIN
2020-01-22,4,1,3,255.0,179.4,251.1,-23.9,25.0,-23.9,251.1,0,WIN
2020-01-23,5,1,4,275.0,180.5,276.1,-23.9,20.0,-23.9,276.1,0,WIN
2020-01-24,5,2,3,347.5,253.0,162.35,-23.9,40.0,-23.9,198.6,0,WIN
2020-01-27,4,1,3,435.0,359.4,431.1,-23.9,25.0,-23.9,431.1,0,WIN
2020-01-28,5,1,4,125.0,30.5,126.1,-23.9,20.0,-23.9,126.1,0,WIN
2020-01-29,5,1,4,195.0,100.5,196.1,-23.9,20.0,-23.9,196.1,0,WIN
2020-01-30,4,0,4,-20.0,-95.6,0.0,-23.9,0.0,-23.9,-23.9,0,LOSS
2020-01-31,4,0,4,-20.0,-95.6,0.0,-23.9,0.0,-23.9,-23.9,0,LOSS
2020-02-03,5,1,4,125.0,30.5,126.1,-23.9,20.0,-23.9,126.1,0,WIN
2020-02-04,5,0,5,-25.0,-119.5,0.0,-23.9,0.0,-23.9,-23.9,0,LOSS
2020-02-05,4,1,3,280.0,204.4,276.1,-23.9,25.0,-23.9,276.1,0,WIN
2020-02-06,5,2,3,242.5,148.0,109.85,-23.9,40.0,-23.9,166.1,0,WIN
2020-02-07,4,0,4,-20.0,-95.6,0.0,-23.9,0.0,-23.9,-23.9,0,LOSS
2020-02-10,5,0,5,-25.0,-119.5,0.0,-23.9,0.0,-23.9,-23.9,0,LOSS
2020-02-11,4,0,4,-20.0,-95.6,0.0,-23.9,0.0,-23.9,-23.9,0,LOSS
2020-02-12,5,1,4,130.0,35.5,131.1,-23.9,20.0,-23.9,131.1,0,WIN
2020-02-13,4,0,4,-20.0,-95.6,0.0,-23.9,0.0,-23.9,-23.9,0,LOSS
2020-02-14,4,1,3,267.5,191.9,263.6,-23.9,25.0,-23.9,263.6,0,WIN
2020-02-17,3,1,2,527.5,470.8,518.6,-23.9,33.33,-23.9,518.6,0,WIN
2020-02-18,3,0,3,-15.0,-71.7,0.0,-23.9,0.0,-23.9,-23.9,0,LOSS
2020-02-19,5,0,5,-25.0,-119.5,0.0,-23.9,0.0,-23.9,-23.9,0,LOSS
2020-02-20,5,1,4,275.0,180.5,276.1,-23.9,20.0,-23.9,276.1,0,WIN
2020-02-21,5,1,4,125.0,30.5,126.1,-23.9,20.0,-23.9,126.1,0,WIN
2020-02-24,5,0,5,-25.0,-119.5,0.0,-23.9,0.0,-23.9,-23.9,0,LOSS
2020-02-25,5,1,4,975.0,880.5,976.1,-23.9,20.0,-23.9,976.1,0,WIN
2020-02-26,6,3,3,1570.0,1456.6,509.43,-23.9,50.0,-23.9,976.1,0,WIN
2020-02-27,5,2,3,1475.0,1380.5,726.1,-23.9,40.0,-23.9,976.1,0,WIN
2020-02-28,1,0,1,-5.0,-23.9,0.0,-23.9,0.0,-23.9,-23.9,0,LOSS
2020-03-02,6,2,4,1470.0,1356.6,726.1,-23.9,33.33,-23.9,976.1,0,WIN
2020-03-03,6,2,4,1120.0,1006.6,551.1,-23.9,33.33,-23.9,976.1,0,WIN
2020-03-04,5,1,4,975.0,880.5,976.1,-23.9,20.0,-23.9,976.1,0,WIN
2020-03-05,6,2,4,420.0,306.6,201.1,-23.9,33.33,-23.9,276.1,0,WIN
2020-03-06,4,1,3,130.0,54.4,126.1,-23.9,25.0,-23.9,126.1,0,WIN
2020-03-09,5,1,4,975.0,880.5,976.1,-23.9,20.0,-23.9,976.1,0,WIN
2020-03-10,5,1,4,975.0,880.5,976.1,-23.9,20.0,-23.9,976.1,0,WIN
2020-03-11,6,3,3,920.0,806.6,292.77,-23.9,50.0,-23.9,476.1,0,WIN
2020-03-12,9,6,3,2505.0,2334.9,401.1,-23.9,66.67,-23.9,976.1,0,WIN
2020-03-13,5,2,3,575.0,480.5,276.1,-23.9,40.0,-23.9,276.1,0,WIN
2020-03-16,6,3,3,1270.0,1156.6,409.43,-23.9,50.0,-23.9,976.1,0,WIN
2020-03-17,5,2,3,775.0,680.5,376.1,-23.9,40.0,-23.9,476.1,0,WIN
2020-03-18,7,5,2,3465.0,3332.7,676.1,-23.9,71.43,-23.9,976.1,0,WIN
2020-03-19,5,1,4,975.0,880.5,976.1,-23.9,20.0,-23.9,976.1,0,WIN
2020-03-23,7,4,3,2265.0,2132.7,551.1,-23.9,57.14,-23.9,976.1,0,WIN
2020-03-24,5,1,4,975.0,880.5,976.1,-23.9,20.0,-23.9,976.1,0,WIN
2020-03-25,5,3,2,2475.0,2380.5,809.43,-23.9,60.0,-23.9,976.1,0,WIN
2020-03-26,5,1,4,975.0,880.5,976.1,-23.9,20.0,-23.9,976.1,0,WIN
2020-03-27,5,1,4,275.0,180.5,276.1,-23.9,20.0,-23.9,276.1,0,WIN
2020-03-30,5,1,4,147.5,53.0,148.6,-23.9,20.0,-23.9,148.6,0,WIN
2020-03-31,6,2,4,1270.0,1156.6,626.1,-23.9,33.33,-23.9,976.1,0,WIN
2020-04-01,6,2,4,620.0,506.6,301.1,-23.9,33.33,-23.9,476.1,0,WIN
2020-04-02,5,1,4,975.0,880.5,976.1,-23.9,20.0,-23.9,976.1,0,WIN
2020-04-03,7,3,4,1415.0,1282.7,459.43,-23.9,42.86,-23.9,976.1,0,WIN
2020-04-06,4,0,4,-20.0,-95.6,0.0,-23.9,0.0,-23.9,-23.9,0,LOSS
2020-04-07,5,0,5,-25.0,-119.5,0.0,-23.9,0.0,-23.9,-23.9,0,LOSS
2020-04-08,5,0,5,-25.0,-119.5,0.0,-23.9,0.0,-23.9,-23.9,0,LOSS
2020-04-09,4,2,2,1280.0,1204.4,626.1,-23.9,50.0,-23.9,976.1,0,WIN
2020-04-13,5,1,4,125.0,30.5,126.1,-23.9,20.0,-23.9,126.1,0,WIN
2020-04-14,5,0,5,-25.0,-119.5,0.0,-23.9,0.0,-23.9,-23.9,0,LOSS
2020-04-15,5,1,4,125.0,30.5,126.1,-23.9,20.0,-23.9,126.1,0,WIN
2020-04-16,5,0,5,-25.0,-119.5,0.0,-23.9,0.0,-23.9,-23.9,0,LOSS
2020-04-17,4,0,4,-20.0,-95.6,0.0,-23.9,0.0,-23.9,-23.9,0,LOSS
2020-04-20,6,2,4,270.0,156.6,126.1,-23.9,33.33,-23.9,126.1,0,WIN
2020-04-21,6,3,3,1420.0,1306.6,459.43,-23.9,50.0,-23.9,976.1,0,WIN
2020-04-22,5,0,5,-25.0,-119.5,0.0,-23.9,0.0,-23.9,-23.9,0,LOSS
2020-04-23,6,4,2,2420.0,2306.6,588.6,-23.9,66.67,-23.9,976.1,0,WIN
2020-04-24,5,1,4,275.0,180.5,276.1,-23.9,20.0,-23.9,276.1,0,WIN
2020-04-27,4,0,4,-20.0,-95.6,0.0,-23.9,0.0,-23.9,-23.9,0,LOSS
2020-04-28,5,1,4,975.0,880.5,976.1,-23.9,20.0,-23.9,976.1,0,WIN
2020-04-29,6,2,4,1120.0,1006.6,551.1,-23.9,33.33,-23.9,976.1,0,WIN
2020-04-30,5,2,3,425.0,330.5,201.1,-23.9,40.0,-23.9,276.1,0,WIN
2020-05-01,5,1,4,275.0,180.5,276.1,-23.9,20.0,-23.9,276.1,0,WIN
2020-05-04,6,2,4,620.0,506.6,301.1,-23.9,33.33,-23.9,476.1,0,WIN
2020-05-05,5,1,4,975.0,880.5,976.1,-23.9,20.0,-23.9,976.1,0,WIN
2020-05-06,5,0,5,-25.0,-119.5,0.0,-23.9,0.0,-23.9,-23.9,0,LOSS
2020-05-07,5,1,4,177.5,83.0,178.6,-23.9,20.0,-23.9,178.6,0,WIN
2020-05-08,4,0,4,-20.0,-95.6,0.0,-23.9,0.0,-23.9,-23.9,0,LOSS
2020-05-11,5,1,4,275.0,180.5,276.1,-23.9,20.0,-23.9,276.1,0,WIN
2020-05-12,5,1,4,125.0,30.5,126.1,-23.9,20.0,-23.9,126.1,0,WIN
2020-05-13,7,3,4,1115.0,982.7,359.43,-23.9,42.86,-23.9,476.1,0,WIN
2020-05-14,5,0,5,-25.0,-119.5,0.0,-23.9,0.0,-23.9,-23.9,0,LOSS
2020-05-15,5,1,4,125.0,30.5,126.1,-23.9,20.0,-23.9,126.1,0,WIN
2020-05-18,4,0,4,-20.0,-95.6,0.0,-23.9,0.0,-23.9,-23.9,0,LOSS
2020-05-19,5,1,4,975.0,880.5,976.1,-23.9,20.0,-23.9,976.1,0,WIN
2020-05-20,5,0,5,-25.0,-119.5,0.0,-23.9,0.0,-23.9,-23.9,0,LOSS
2020-05-21,5,2,3,1257.5,1163.0,617.35,-23.9,40.0,-23.9,976.1,0,WIN
2020-05-22,6,3,3,1420.0,1306.6,459.43,-23.9,50.0,-23.9,976.1,0,WIN
2020-05-25,3,0,3,-15.0,-71.7,0.0,-23.9,0.0,-23.9,-23.9,0,LOSS
2020-05-26,4,0,4,-20.0,-95.6,0.0,-23.9,0.0,-23.9,-23.9,0,LOSS
2020-05-27,5,1,4,475.0,380.5,476.1,-23.9,20.0,-23.9,476.1,0,WIN
2020-05-28,5,0,5,-25.0,-119.5,0.0,-23.9,0.0,-23.9,-23.9,0,LOSS
2020-05-29,5,1,4,125.0,30.5,126.1,-23.9,20.0,-23.9,126.1,0,WIN
2020-06-01,4,1,3,300.0,224.4,296.1,-23.9,25.0,-23.9,296.1,0,WIN
2020-06-02,5,2,3,715.0,620.5,346.1,-23.9,40.0,-23.9,566.1,0,WIN
2020-06-03,4,1,3,115.0,39.4,111.1,-23.9,25.0,-23.9,111.1,0,WIN
2020-06-04,5,2,3,1607.5,1513.0,792.35,-23.9,40.0,-23.9,976.1,0,WIN
2020-06-05,5,0,5,-25.0,-119.5,0.0,-23.9,0.0,-23.9,-23.9,0,LOSS
2020-06-08,4,0,4,-20.0,-95.6,0.0,-23.9,0.0,-23.9,-23.9,0,LOSS
2020-06-09,5,0,5,-25.0,-119.5,0.0,-23.9,0.0,-23.9,-23.9,0,LOSS
2020-06-10,5,1,4,975.0,880.5,976.1,-23.9,20.0,-23.9,976.1,0,WIN
2020-06-11,6,2,4,420.0,306.6,201.1,-23.9,33.33,-23.9,276.1,0,WIN
2020-06-12,5,2,3,1275.0,1180.5,626.1,-23.9,40.0,-23.9,976.1,0,WIN
2020-06-15,5,1,4,475.0,380.5,476.1,-23.9,20.0,-23.9,476.1,0,WIN
2020-06-16,4,1,3,980.0,904.4,976.1,-23.9,25.0,-23.9,976.1,0,WIN
2020-06-17,4,2,2,717.5,641.9,344.85,-23.9,50.0,-23.9,546.1,0,WIN
2020-06-18,5,1,4,125.0,30.5,126.1,-23.9,20.0,-23.9,126.1,0,WIN
2020-06-22,5,0,5,-25.0,-119.5,0.0,-23.9,0.0,-23.9,-23.9,0,LOSS
2020-06-23,5,0,5,-25.0,-119.5,0.0,-23.9,0.0,-23.9,-23.9,0,LOSS
2020-06-24,6,3,3,420.0,306.6,126.1,-23.9,50.0,-23.9,126.1,0,WIN
2020-06-25,5,1,4,125.0,30.5,126.1,-23.9,20.0,-23.9,126.1,0,WIN
2020-06-26,5,2,3,437.5,343.0,207.35,-23.9,40.0,-23.9,288.6,0,WIN
2020-06-29,5,1,4,125.0,30.5,126.1,-23.9,20.0,-23.9,126.1,0,WIN
2020-06-30,1,0,1,-5.0,-23.9,0.0,-23.9,0.0,-23.9,-23.9,0,LOSS
2020-07-01,5,0,5,-25.0,-119.5,0.0,-23.9,0.0,-23.9,-23.9,0,LOSS
2020-07-02,4,1,3,450.0,374.4,446.1,-23.9,25.0,-23.9,446.1,0,WIN
2020-07-03,2,0,2,-10.0,-47.8,0.0,-23.9,0.0,-23.9,-23.9,0,LOSS
2020-07-06,5,1,4,125.0,30.5,126.1,-23.9,20.0,-23.9,126.1,0,WIN
2020-07-07,5,0,5,-25.0,-119.5,0.0,-23.9,0.0,-23.9,-23.9,0,LOSS
2020-07-08,5,3,2,1087.5,993.0,346.93,-23.9,60.0,-23.9,476.1,0,WIN
2020-07-09,4,0,4,-20.0,-95.6,0.0,-23.9,0.0,-23.9,-23.9,0,LOSS
2020-07-10,5,0,5,-25.0,-119.5,0.0,-23.9,0.0,-23.9,-23.9,0,LOSS
2020-07-13,4,1,3,817.5,741.9,813.6,-23.9,25.0,-23.9,813.6,0,WIN
2020-07-14,5,1,4,475.0,380.5,476.1,-23.9,20.0,-23.9,476.1,0,WIN
2020-07-15,5,1,4,975.0,880.5,976.1,-23.9,20.0,-23.9,976.1,0,WIN
2020-07-16,6,3,3,1420.0,1306.6,459.43,-23.9,50.0,-23.9,976.1,0,WIN
2020-07-17,4,0,4,-20.0,-95.6,0.0,-23.9,0.0,-23.9,-23.9,0,LOSS
2020-07-20,5,0,5,-25.0,-119.5,0.0,-23.9,0.0,-23.9,-23.9,0,LOSS
2020-07-21,4,2,2,630.0,554.4,301.1,-23.9,50.0,-23.9,476.1,0,WIN
2020-07-22,5,1,4,275.0,180.5,276.1,-23.9,20.0,-23.9,276.1,0,WIN
2020-07-23,4,1,3,280.0,204.4,276.1,-23.9,25.0,-23.9,276.1,0,WIN
2020-07-24,5,2,3,775.0,680.5,376.1,-23.9,40.0,-23.9,476.1,0,WIN
2020-07-27,5,0,5,-25.0,-119.5,0.0,-23.9,0.0,-23.9,-23.9,0,LOSS
2020-07-28,4,0,4,-20.0,-95.6,0.0,-23.9,0.0,-23.9,-23.9,0,LOSS
2020-07-29,5,2,3,1010.0,915.5,493.6,-23.9,40.0,-23.9,976.1,0,WIN
2020-07-30,5,0,5,-25.0,-119.5,0.0,-23.9,0.0,-23.9,-23.9,0,LOSS
2020-07-31,5,1,4,275.0,180.5,276.1,-23.9,20.0,-23.9,276.1,0,WIN
2020-08-03,4,0,4,-20.0,-95.6,0.0,-23.9,0.0,-23.9,-23.9,0,LOSS
2020-08-04,5,1,4,125.0,30.5,126.1,-23.9,20.0,-23.9,126.1,0,WIN
2020-08-05,5,1,4,125.0,30.5,126.1,-23.9,20.0,-23.9,126.1,0,WIN
2020-08-06,5,1,4,262.5,168.0,263.6,-23.9,20.0,-23.9,263.6,0,WIN
2020-08-07,4,1,3,980.0,904.4,976.1,-23.9,25.0,-23.9,976.1,0,WIN
2020-08-10,4,1,3,980.0,904.4,976.1,-23.9,25.0,-23.9,976.1,0,WIN
2020-08-11,5,1,4,730.0,635.5,731.1,-23.9,20.0,-23.9,731.1,0,WIN
2020-08-12,5,0,5,-25.0,-119.5,0.0,-23.9,0.0,-23.9,-23.9,0,LOSS
2020-08-13,4,0,4,-20.0,-95.6,0.0,-23.9,0.0,-23.9,-23.9,0,LOSS
2020-08-14,4,2,2,815.0,739.4,393.6,-23.9,50.0,-23.9,608.6,0,WIN
2020-08-17,4,0,4,-20.0,-95.6,0.0,-23.9,0.0,-23.9,-23.9,0,LOSS
2020-08-18,4,1,3,735.0,659.4,731.1,-23.9,25.0,-23.9,731.1,0,WIN
2020-08-19,5,1,4,125.0,30.5,126.1,-23.9,20.0,-23.9,126.1,0,WIN
2020-08-20,4,0,4,-20.0,-95.6,0.0,-23.9,0.0,-23.9,-23.9,0,LOSS
2020-08-21,5,0,5,-25.0,-119.5,0.0,-23.9,0.0,-23.9,-23.9,0,LOSS
2020-08-24,5,3,2,1232.5,1138.0,395.27,-23.9,60.0,-23.9,583.6,0,WIN
2020-08-25,4,1,3,435.0,359.4,431.1,-23.9,25.0,-23.9,431.1,0,WIN
2020-08-26,5,1,4,125.0,30.5,126.1,-23.9,20.0,-23.9,126.1,0,WIN
2020-08-27,5,2,3,1475.0,1380.5,726.1,-23.9,40.0,-23.9,976.1,0,WIN
2020-08-28,4,0,4,-20.0,-95.6,0.0,-23.9,0.0,-23.9,-23.9,0,LOSS
2020-08-31,5,1,4,475.0,380.5,476.1,-23.9,20.0,-23.9,476.1,0,WIN
2020-09-01,5,0,5,-25.0,-119.5,0.0,-23.9,0.0,-23.9,-23.9,0,LOSS
2020-09-02,4,1,3,980.0,904.4,976.1,-23.9,25.0,-23.9,976.1,0,WIN
2020-09-03,5,1,4,275.0,180.5,276.1,-23.9,20.0,-23.9,276.1,0,WIN
2020-09-04,6,2,4,770.0,656.6,376.1,-23.9,33.33,-23.9,476.1,0,WIN
2020-09-07,2,1,1,140.0,102.2,126.1,-23.9,50.0,-23.9,126.1,0,WIN
2020-09-08,5,2,3,425.0,330.5,201.1,-23.9,40.0,-23.9,276.1,0,WIN
2020-09-09,6,2,4,1120.0,1006.6,551.1,-23.9,33.33,-23.9,976.1,0,WIN
2020-09-10,5,2,3,625.0,530.5,301.1,-23.9,40.0,-23.9,476.1,0,WIN
2020-09-11,6,3,3,1120.0,1006.6,359.43,-23.9,50.0,-23.9,476.1,0,WIN
2020-09-14,4,0,4,-20.0,-95.6,0.0,-23.9,0.0,-23.9,-23.9,0,LOSS
2020-09-15,5,1,4,975.0,880.5,976.1,-23.9,20.0,-23.9,976.1,0,WIN
2020-09-16,5,1,4,125.0,30.5,126.1,-23.9,20.0,-23.9,126.1,0,WIN
2020-09-17,6,2,4,1120.0,1006.6,551.1,-23.9,33.33,-23.9,976.1,0,WIN
2020-09-21,5,2,3,1125.0,1030.5,551.1,-23.9,40.0,-23.9,976.1,0,WIN
2020-09-22,4,0,4,-20.0,-95.6,0.0,-23.9,0.0,-23.9,-23.9,0,LOSS
2020-09-23,4,0,4,-20.0,-95.6,0.0,-23.9,0.0,-23.9,-23.9,0,LOSS
2020-09-24,8,6,2,3410.0,3258.8,551.1,-23.9,75.0,-23.9,976.1,0,WIN
2020-09-25,5,1,4,975.0,880.5,976.1,-23.9,20.0,-23.9,976.1,0,WIN
2020-09-28,5,0,5,-25.0,-119.5,0.0,-23.9,0.0,-23.9,-23.9,0,LOSS
2020-09-29,5,1,4,125.0,30.5,126.1,-23.9,20.0,-23.9,126.1,0,WIN
2020-09-30,5,1,4,125.0,30.5,126.1,-23.9,20.0,-23.9,126.1,0,WIN
2020-10-01,5,2,3,1432.5,1338.0,704.85,-23.9,40.0,-23.9,976.1,0,WIN
2020-10-02,8,5,3,1010.0,858.8,186.1,-23.9,62.5,-23.9,276.1,0,WIN
2020-10-05,5,0,5,-25.0,-119.5,0.0,-23.9,0.0,-23.9,-23.9,0,LOSS
2020-10-06,7,3,4,1265.0,1132.7,409.43,-23.9,42.86,-23.9,976.1,0,WIN
2020-10-07,5,1,4,975.0,880.5,976.1,-23.9,20.0,-23.9,976.1,0,WIN
2020-10-08,5,0,5,-25.0,-119.5,0.0,-23.9,0.0,-23.9,-23.9,0,LOSS
2020-10-09,4,0,4,-20.0,-95.6,0.0,-23.9,0.0,-23.9,-23.9,0,LOSS
2020-10-12,5,0,5,-25.0,-119.5,0.0,-23.9,0.0,-23.9,-23.9,0,LOSS
2020-10-13,5,2,3,425.0,330.5,201.1,-23.9,40.0,-23.9,276.1,0,WIN
2020-10-14,4,1,3,980.0,904.4,976.1,-23.9,25.0,-23.9,976.1,0,WIN
2020-10-15,4,0,4,-20.0,-95.6,0.0,-23.9,0.0,-23.9,-23.9,0,LOSS
2020-10-16,6,2,4,1270.0,1156.6,626.1,-23.9,33.33,-23.9,976.1,0,WIN
2020-10-19,5,2,3,1275.0,1180.5,626.1,-23.9,40.0,-23.9,976.1,0,WIN
2020-10-20,5,1,4,125.0,30.5,126.1,-23.9,20.0,-23.9,126.1,0,WIN
2020-10-21,6,2,4,420.0,306.6,201.1,-23.9,33.33,-23.9,276.1,0,WIN
2020-10-22,4,0,4,-20.0,-95.6,0.0,-23.9,0.0,-23.9,-23.9,0,LOSS
2020-10-23,5,1,4,180.0,85.5,181.1,-23.9,20.0,-23.9,181.1,0,WIN
2020-10-26,6,2,4,420.0,306.6,201.1,-23.9,33.33,-23.9,276.1,0,WIN
2020-10-27,5,1,4,125.0,30.5,126.1,-23.9,20.0,-23.9,126.1,0,WIN
2020-10-28,5,1,4,275.0,180.5,276.1,-23.9,20.0,-23.9,276.1,0,WIN
2020-10-29,5,1,4,975.0,880.5,976.1,-23.9,20.0,-23.9,976.1,0,WIN
2020-10-30,5,0,5,-25.0,-119.5,0.0,-23.9,0.0,-23.9,-23.9,0,LOSS
2020-11-02,5,1,4,125.0,30.5,126.1,-23.9,20.0,-23.9,126.1,0,WIN
2020-11-03,5,1,4,475.0,380.5,476.1,-23.9,20.0,-23.9,476.1,0,WIN
2020-11-04,6,3,3,720.0,606.6,226.1,-23.9,50.0,-23.9,276.1,0,WIN
2020-11-05,5,2,3,1275.0,1180.5,626.1,-23.9,40.0,-23.9,976.1,0,WIN
2020-11-06,6,2,4,270.0,156.6,126.1,-23.9,33.33,-23.9,126.1,0,WIN
2020-11-09,6,3,3,1420.0,1306.6,459.43,-23.9,50.0,-23.9,976.1,0,WIN
2020-11-10,7,4,3,715.0,582.7,163.6,-23.9,57.14,-23.9,276.1,0,WIN
2020-11-11,4,0,4,-20.0,-95.6,0.0,-23.9,0.0,-23.9,-23.9,0,LOSS
2020-11-12,6,2,4,570.0,456.6,276.1,-23.9,33.33,-23.9,276.1,0,WIN
2020-11-13,4,1,3,130.0,54.4,126.1,-23.9,25.0,-23.9,126.1,0,WIN
2020-11-16,5,1,4,355.0,260.5,356.1,-23.9,20.0,-23.9,356.1,0,WIN
2020-11-17,5,2,3,752.5,658.0,364.85,-23.9,40.0,-23.9,453.6,0,WIN
2020-11-18,4,0,4,-20.0,-95.6,0.0,-23.9,0.0,-23.9,-23.9,0,LOSS
2020-11-19,6,3,3,422.5,309.1,126.93,-23.9,50.0,-23.9,128.6,0,WIN
2020-11-20,5,2,3,1092.5,998.0,534.85,-23.9,40.0,-23.9,976.1,0,WIN
2020-11-23,6,3,3,1270.0,1156.6,409.43,-23.9,50.0,-23.9,976.1,0,WIN
2020-11-24,5,1,4,125.0,30.5,126.1,-23.9,20.0,-23.9,126.1,0,WIN
2020-11-25,5,2,3,192.5,98.0,84.85,-23.9,40.0,-23.9,126.1,0,WIN
2020-11-26,3,1,2,985.0,928.3,976.1,-23.9,33.33,-23.9,976.1,0,WIN
2020-11-27,3,1,2,285.0,228.3,276.1,-23.9,33.33,-23.9,276.1,0,WIN
2020-11-30,5,1,4,575.0,480.5,576.1,-23.9,20.0,-23.9,576.1,0,WIN
2020-12-01,5,2,3,745.0,650.5,361.1,-23.9,40.0,-23.9,596.1,0,WIN
2020-12-02,5,1,4,475.0,380.5,476.1,-23.9,20.0,-23.9,476.1,0,WIN
2020-12-03,4,1,3,280.0,204.4,276.1,-23.9,25.0,-23.9,276.1,0,WIN
2020-12-04,5,2,3,457.5,363.0,217.35,-23.9,40.0,-23.9,308.6,0,WIN
2020-12-07,5,2,3,895.0,800.5,436.1,-23.9,40.0,-23.9,746.1,0,WIN
2020-12-08,4,1,3,625.0,549.4,621.1,-23.9,25.0,-23.9,621.1,0,WIN
2020-12-09,6,2,4,420.0,306.6,201.1,-23.9,33.33,-23.9,276.1,0,WIN
2020-12-10,5,3,2,1232.5,1138.0,395.27,-23.9,60.0,-23.9,476.1,0,WIN
2020-12-11,5,1,4,475.0,380.5,476.1,-23.9,20.0,-23.9,476.1,0,WIN
2020-12-14,5,1,4,975.0,880.5,976.1,-23.9,20.0,-23.9,976.1,0,WIN
2020-12-15,5,0,5,-25.0,-119.5,0.0,-23.9,0.0,-23.9,-23.9,0,LOSS
2020-12-16,5,1,4,125.0,30.5,126.1,-23.9,20.0,-23.9,126.1,0,WIN
2020-12-17,4,0,4,-20.0,-95.6,0.0,-23.9,0.0,-23.9,-23.9,0,LOSS
2020-12-21,6,1,5,270.0,156.6,276.1,-23.9,16.67,-23.9,276.1,0,WIN
2020-12-22,4,2,2,1722.5,1646.9,847.35,-23.9,50.0,-23.9,976.1,0,WIN
2020-12-23,5,0,5,-25.0,-119.5,0.0,-23.9,0.0,-23.9,-23.9,0,LOSS
2020-12-24,3,0,3,-15.0,-71.7,0.0,-23.9,0.0,-23.9,-23.9,0,LOSS
2020-12-28,4,0,4,-20.0,-95.6,0.0,-23.9,0.0,-23.9,-23.9,0,LOSS
2020-12-29,4,1,3,335.0,259.4,331.1,-23.9,25.0,-23.9,331.1,0,WIN
2020-12-30,4,1,3,55.0,-20.6,51.1,-23.9,25.0,-23.9,51.1,0,LOSS
2020-12-31,4,0,4,-20.0,-95.6,0.0,-23.9,0.0,-23.9,-23.9,0,LOSS
2021-01-04,5,1,4,275.0,180.5,276.1,-23.9,20.0,-23.9,276.1,0,WIN
2021-01-05,5,1,4,975.0,880.5,976.1,-23.9,20.0,-23.9,976.1,0,WIN
2021-01-06,6,3,3,1770.0,1656.6,576.1,-23.9,50.0,-23.9,976.1,0,WIN
2021-01-07,5,0,5,-25.0,-119.5,0.0,-23.9,0.0,-23.9,-23.9,0,LOSS
2021-01-08,5,1,4,975.0,880.5,976.1,-23.9,20.0,-23.9,976.1,0,WIN
2021-01-11,7,4,3,1015.0,882.7,238.6,-23.9,57.14,-23.9,276.1,0,WIN
2021-01-12,6,4,2,1317.5,1204.1,312.98,-23.9,66.67,-23.9,976.1,0,WIN
2021-01-13,5,3,2,517.5,423.0,156.93,-23.9,60.0,-23.9,276.1,0,WIN
2021-01-14,5,2,3,872.5,778.0,424.85,-23.9,40.0,-23.9,723.6,0,WIN
2021-01-15,5,1,4,475.0,380.5,476.1,-23.9,20.0,-23.9,476.1,0,WIN
2021-01-18,1,1,0,995.0,976.1,976.1,0.0,100.0,976.1,976.1,0,WIN
2021-01-19,4,0,4,-20.0,-95.6,0.0,-23.9,0.0,-23.9,-23.9,0,LOSS
2021-01-20,5,1,4,275.0,180.5,276.1,-23.9,20.0,-23.9,276.1,0,WIN
2021-01-21,4,0,4,-20.0,-95.6,0.0,-23.9,0.0,-23.9,-23.9,0,LOSS
2021-01-22,5,1,4,125.0,30.5,126.1,-23.9,20.0,-23.9,126.1,0,WIN
2021-01-25,6,2,4,420.0,306.6,201.1,-23.9,33.33,-23.9,276.1,0,WIN
2021-01-26,4,0,4,-20.0,-95.6,0.0,-23.9,0.0,-23.9,-23.9,0,LOSS
2021-01-27,6,4,2,2770.0,2656.6,676.1,-23.9,66.67,-23.9,976.1,0,WIN
2021-01-28,5,0,5,-25.0,-119.5,0.0,-23.9,0.0,-23.9,-23.9,0,LOSS
2021-01-29,4,1,3,280.0,204.4,276.1,-23.9,25.0,-23.9,276.1,0,WIN
2021-02-01,5,0,5,-25.0,-119.5,0.0,-23.9,0.0,-23.9,-23.9,0,LOSS
2021-02-02,4,1,3,457.5,381.9,453.6,-23.9,25.0,-23.9,453.6,0,WIN
2021-02-03,5,2,3,570.0,475.5,273.6,-23.9,40.0,-23.9,421.1,0,WIN
2021-02-04,5,0,5,-25.0,-119.5,0.0,-23.9,0.0,-23.9,-23.9,0,LOSS
2021-02-05,4,1,3,245.0,169.4,241.1,-23.9,25.0,-23.9,241.1,0,WIN
2021-02-08,4,0,4,-20.0,-95.6,0.0,-23.9,0.0,-23.9,-23.9,0,LOSS
2021-02-09,4,0,4,-20.0,-95.6,0.0,-23.9,0.0,-23.9,-23.9,0,LOSS
2021-02-10,4,1,3,130.0,54.4,126.1,-23.9,25.0,-23.9,126.1,0,WIN
2021-02-11,5,2,3,197.5,103.0,87.35,-23.9,40.0,-23.9,126.1,0,WIN
2021-02-12,4,0,4,-20.0,-95.6,0.0,-23.9,0.0,-23.9,-23.9,0,LOSS
2021-02-15,3,0,3,-15.0,-71.7,0.0,-23.9,0.0,-23.9,-23.9,0,LOSS
2021-02-16,4,2,2,280.0,204.4,126.1,-23.9,50.0,-23.9,126.1,0,WIN
2021-02-17,5,2,3,1125.0,1030.5,551.1,-23.9,40.0,-23.9,976.1,0,WIN
2021-02-18,4,0,4,-20.0,-95.6,0.0,-23.9,0.0,-23.9,-23.9,0,LOSS
2021-02-19,5,1,4,125.0,30.5,126.1,-23.9,20.0,-23.9,126.1,0,WIN
2021-02-22,5,1,4,125.0,30.5,126.1,-23.9,20.0,-23.9,126.1,0,WIN
2021-02-23,6,3,3,1970.0,1856.6,642.77,-23.9,50.0,-23.9,976.1,0,WIN
2021-02-24,5,1,4,975.0,880.5,976.1,-23.9,20.0,-23.9,976.1,0,WIN
2021-02-25,6,2,4,1120.0,1006.6,551.1,-23.9,33.33,-23.9,976.1,0,WIN
2021-02-26,7,3,4,2465.0,2332.7,809.43,-23.9,42.86,-23.9,976.1,0,WIN
2021-03-01,5,0,5,-25.0,-119.5,0.0,-23.9,0.0,-23.9,-23.9,0,LOSS
2021-03-02,5,0,5,-25.0,-119.5,0.0,-23.9,0.0,-23.9,-23.9,0,LOSS
2021-03-03,6,2,4,1120.0,1006.6,551.1,-23.9,33.33,-23.9,976.1,0,WIN
2021-03-04,4,1,3,280.0,204.4,276.1,-23.9,25.0,-23.9,276.1,0,WIN
2021-03-05,5,1,4,275.0,180.5,276.1,-23.9,20.0,-23.9,276.1,0,WIN
2021-03-08,6,3,3,1420.0,1306.6,459.43,-23.9,50.0,-23.9,976.1,0,WIN
2021-03-09,5,0,5,-25.0,-119.5,0.0,-23.9,0.0,-23.9,-23.9,0,LOSS
2021-03-10,5,4,1,1065.0,970.5,248.6,-23.9,80.0,-23.9,316.1,0,WIN
2021-03-11,5,0,5,-25.0,-119.5,0.0,-23.9,0.0,-23.9,-23.9,0,LOSS
2021-03-12,5,1,4,275.0,180.5,276.1,-23.9,20.0,-23.9,276.1,0,WIN
2021-03-15,5,0,5,-25.0,-119.5,0.0,-23.9,0.0,-23.9,-23.9,0,LOSS
2021-03-16,4,0,4,-20.0,-95.6,0.0,-23.9,0.0,-23.9,-23.9,0,LOSS
2021-03-17,5,1,4,275.0,180.5,276.1,-23.9,20.0,-23.9,276.1,0,WIN
2021-03-18,5,0,5,-25.0,-119.5,0.0,-23.9,0.0,-23.9,-23.9,0,LOSS
2021-03-22,5,1,4,127.5,33.0,128.6,-23.9,20.0,-23.9,128.6,0,WIN
2021-03-23,5,1,4,275.0,180.5,276.1,-23.9,20.0,-23.9,276.1,0,WIN
2021-03-24,5,0,5,-25.0,-119.5,0.0,-23.9,0.0,-23.9,-23.9,0,LOSS
2021-03-25,4,0,4,-20.0,-95.6,0.0,-23.9,0.0,-23.9,-23.9,0,LOSS
2021-03-26,6,2,4,1120.0,1006.6,551.1,-23.9,33.33,-23.9,976.1,0,WIN
2021-03-29,5,1,4,275.0,180.5,276.1,-23.9,20.0,-23.9,276.1,0,WIN
2021-03-30,5,3,2,815.0,720.5,256.1,-23.9,60.0,-23.9,516.1,0,WIN
2021-03-31,5,0,5,-25.0,-119.5,0.0,-23.9,0.0,-23.9,-23.9,0,LOSS
2021-04-01,5,0,5,-25.0,-119.5,0.0,-23.9,0.0,-23.9,-23.9,0,LOSS
2021-04-05,5,0,5,-25.0,-119.5,0.0,-23.9,0.0,-23.9,-23.9,0,LOSS
2021-04-06,5,0,5,-25.0,-119.5,0.0,-23.9,0.0,-23.9,-23.9,0,LOSS
2021-04-07,5,1,4,125.0,30.5,126.1,-23.9,20.0,-23.9,126.1,0,WIN
2021-04-08,5,2,3,197.5,103.0,87.35,-23.9,40.0,-23.9,126.1,0,WIN
2021-04-09,6,3,3,1120.0,1006.6,359.43,-23.9,50.0,-23.9,476.1,0,WIN
2021-04-12,4,1,3,130.0,54.4,126.1,-23.9,25.0,-23.9,126.1,0,WIN
2021-04-13,4,0,4,-20.0,-95.6,0.0,-23.9,0.0,-23.9,-23.9,0,LOSS
2021-04-14,4,0,4,-20.0,-95.6,0.0,-23.9,0.0,-23.9,-23.9,0,LOSS
2021-04-15,5,0,5,-25.0,-119.5,0.0,-23.9,0.0,-23.9,-23.9,0,LOSS
2021-04-16,3,0,3,-15.0,-71.7,0.0,-23.9,0.0,-23.9,-23.9,0,LOSS
2021-04-19,5,1,4,125.0,30.5,126.1,-23.9,20.0,-23.9,126.1,0,WIN
2021-04-20,4,1,3,980.0,904.4,976.1,-23.9,25.0,-23.9,976.1,0,WIN
2021-04-21,5,2,3,635.0,540.5,306.1,-23.9,40.0,-23.9,476.1,0,WIN
2021-04-22,4,1,3,130.0,54.4,126.1,-23.9,25.0,-23.9,126.1,0,WIN
2021-04-23,5,0,5,-25.0,-119.5,0.0,-23.9,0.0,-23.9,-23.9,0,LOSS
2021-04-26,4,0,4,-20.0,-95.6,0.0,-23.9,0.0,-23.9,-23.9,0,LOSS
2021-04-27,4,0,4,-20.0,-95.6,0.0,-23.9,0.0,-23.9,-23.9,0,LOSS
2021-04-28,5,4,1,1110.0,1015.5,259.85,-23.9,80.0,-23.9,378.6,0,WIN
2021-04-29,5,2,3,1125.0,1030.5,551.1,-23.9,40.0,-23.9,976.1,0,WIN
2021-04-30,6,3,3,720.0,606.6,226.1,-23.9,50.0,-23.9,276.1,0,WIN
2021-05-03,5,1,4,125.0,30.5,126.1,-23.9,20.0,-23.9,126.1,0,WIN
2021-05-04,5,1,4,125.0,30.5,126.1,-23.9,20.0,-23.9,126.1,0,WIN
2021-05-05,5,1,4,975.0,880.5,976.1,-23.9,20.0,-23.9,976.1,0,WIN
2021-05-06,5,1,4,975.0,880.5,976.1,-23.9,20.0,-23.9,976.1,0,WIN
2021-05-07,4,0,4,-20.0,-95.6,0.0,-23.9,0.0,-23.9,-23.9,0,LOSS
2021-05-10,5,2,3,717.5,623.0,347.35,-23.9,40.0,-23.9,568.6,0,WIN
2021-05-11,5,1,4,275.0,180.5,276.1,-23.9,20.0,-23.9,276.1,0,WIN
2021-05-12,5,2,3,580.0,485.5,278.6,-23.9,40.0,-23.9,281.1,0,WIN
2021-05-13,5,0,5,-25.0,-119.5,0.0,-23.9,0.0,-23.9,-23.9,0,LOSS
2021-05-14,5,0,5,-25.0,-119.5,0.0,-23.9,0.0,-23.9,-23.9,0,LOSS
2021-05-17,4,1,3,130.0,54.4,126.1,-23.9,25.0,-23.9,126.1,0,WIN
2021-05-18,5,1,4,80.0,-14.5,81.1,-23.9,20.0,-23.9,81.1,0,LOSS
2021-05-19,4,0,4,-20.0,-95.6,0.0,-23.9,0.0,-23.9,-23.9,0,LOSS
2021-05-20,5,0,5,-25.0,-119.5,0.0,-23.9,0.0,-23.9,-23.9,0,LOSS
2021-05-21,5,2,3,1975.0,1880.5,976.1,-23.9,40.0,-23.9,976.1,0,WIN
2021-05-24,5,1,4,475.0,380.5,476.1,-23.9,20.0,-23.9,476.1,0,WIN
2021-05-25,5,2,3,360.0,265.5,168.6,-23.9,40.0,-23.9,211.1,0,WIN
2021-05-26,5,0,5,-25.0,-119.5,0.0,-23.9,0.0,-23.9,-23.9,0,LOSS
2021-05-27,4,1,3,37.5,-38.1,33.6,-23.9,25.0,-23.9,33.6,0,LOSS
2021-05-28,5,0,5,-25.0,-119.5,0.0,-23.9,0.0,-23.9,-23.9,0,LOSS
2021-05-31,3,1,2,985.0,928.3,976.1,-23.9,33.33,-23.9,976.1,0,WIN
2021-06-01,5,2,3,1092.5,998.0,534.85,-23.9,40.0,-23.9,976.1,0,WIN
2021-06-02,5,1,4,457.5,363.0,458.6,-23.9,20.0,-23.9,458.6,0,WIN
2021-06-03,5,1,4,275.0,180.5,276.1,-23.9,20.0,-23.9,276.1,0,WIN
2021-06-04,5,0,5,-25.0,-119.5,0.0,-23.9,0.0,-23.9,-23.9,0,LOSS
2021-06-07,5,0,5,-25.0,-119.5,0.0,-23.9,0.0,-23.9,-23.9,0,LOSS
2021-06-08,4,1,3,980.0,904.4,976.1,-23.9,25.0,-23.9,976.1,0,WIN
2021-06-09,4,2,2,705.0,629.4,338.6,-23.9,50.0,-23.9,343.6,0,WIN
2021-06-10,4,0,4,-20.0,-95.6,0.0,-23.9,0.0,-23.9,-23.9,0,LOSS
2021-06-11,5,1,4,125.0,30.5,126.1,-23.9,20.0,-23.9,126.1,0,WIN
2021-06-14,5,0,5,-25.0,-119.5,0.0,-23.9,0.0,-23.9,-23.9,0,LOSS
2021-06-15,5,0,5,-25.0,-119.5,0.0,-23.9,0.0,-23.9,-23.9,0,LOSS
2021-06-16,4,1,3,980.0,904.4,976.1,-23.9,25.0,-23.9,976.1,0,WIN
2021-06-17,4,0,4,-20.0,-95.6,0.0,-23.9,0.0,-23.9,-23.9,0,LOSS
2021-06-21,6,3,3,570.0,456.6,176.1,-23.9,50.0,-23.9,276.1,0,WIN
2021-06-22,5,0,5,-25.0,-119.5,0.0,-23.9,0.0,-23.9,-23.9,0,LOSS
2021-06-23,4,1,3,980.0,904.4,976.1,-23.9,25.0,-23.9,976.1,0,WIN
2021-06-24,4,0,4,-20.0,-95.6,0.0,-23.9,0.0,-23.9,-23.9,0,LOSS
2021-06-25,4,1,3,250.0,174.4,246.1,-23.9,25.0,-23.9,246.1,0,WIN
2021-06-28,5,1,4,110.0,15.5,111.1,-23.9,20.0,-23.9,111.1,0,WIN
2021-06-29,4,0,4,-20.0,-95.6,0.0,-23.9,0.0,-23.9,-23.9,0,LOSS
2021-06-30,4,1,3,217.5,141.9,213.6,-23.9,25.0,-23.9,213.6,0,WIN
2021-07-01,5,1,4,125.0,30.5,126.1,-23.9,20.0,-23.9,126.1,0,WIN
2021-07-02,4,0,4,-20.0,-95.6,0.0,-23.9,0.0,-23.9,-23.9,0,LOSS
2021-07-05,2,0,2,-10.0,-47.8,0.0,-23.9,0.0,-23.9,-23.9,0,LOSS
2021-07-06,6,2,4,792.5,679.1,387.35,-23.9,33.33,-23.9,648.6,0,WIN
2021-07-07,5,2,3,1275.0,1180.5,626.1,-23.9,40.0,-23.9,976.1,0,WIN
2021-07-08,5,1,4,275.0,180.5,276.1,-23.9,20.0,-23.9,276.1,0,WIN
2021-07-09,3,0,3,-15.0,-71.7,0.0,-23.9,0.0,-23.9,-23.9,0,LOSS
2021-07-12,5,0,5,-25.0,-119.5,0.0,-23.9,0.0,-23.9,-23.9,0,LOSS
2021-07-13,5,0,5,-25.0,-119.5,0.0,-23.9,0.0,-23.9,-23.9,0,LOSS
2021-07-14,4,0,4,-20.0,-95.6,0.0,-23.9,0.0,-23.9,-23.9,0,LOSS
2021-07-15,5,1,4,475.0,380.5,476.1,-23.9,20.0,-23.9,476.1,0,WIN
2021-07-16,5,1,4,975.0,880.5,976.1,-23.9,20.0,-23.9,976.1,0,WIN
2021-07-19,7,4,3,1765.0,1632.7,426.1,-23.9,57.14,-23.9,976.1,0,WIN
2021-07-20,5,0,5,-25.0,-119.5,0.0,-23.9,0.0,-23.9,-23.9,0,LOSS
2021-07-21,5,1,4,295.0,200.5,296.1,-23.9,20.0,-23.9,296.1,0,WIN
2021-07-22,5,0,5,-25.0,-119.5,0.0,-23.9,0.0,-23.9,-23.9,0,LOSS
2021-07-23,4,0,4,-20.0,-95.6,0.0,-23.9,0.0,-23.9,-23.9,0,LOSS
2021-07-26,5,2,3,275.0,180.5,126.1,-23.9,40.0,-23.9,126.1,0,WIN
2021-07-27,5,0,5,-25.0,-119.5,0.0,-23.9,0.0,-23.9,-23.9,0,LOSS
2021-07-28,4,0,4,-20.0,-95.6,0.0,-23.9,0.0,-23.9,-23.9,0,LOSS
2021-07-29,4,0,4,-20.0,-95.6,0.0,-23.9,0.0,-23.9,-23.9,0,LOSS
2021-07-30,5,1,4,275.0,180.5,276.1,-23.9,20.0,-23.9,276.1,0,WIN
2021-08-02,5,0,5,-25.0,-119.5,0.0,-23.9,0.0,-23.9,-23.9,0,LOSS
2021-08-03,8,4,4,1910.0,1758.8,463.6,-23.9,50.0,-23.9,976.1,0,WIN
2021-08-04,5,1,4,125.0,30.5,126.1,-23.9,20.0,-23.9,126.1,0,WIN
2021-08-05,5,0,5,-25.0,-119.5,0.0,-23.9,0.0,-23.9,-23.9,0,LOSS
2021-08-06,4,2,2,332.5,256.9,152.35,-23.9,50.0,-23.9,178.6,0,WIN
2021-08-09,5,1,4,125.0,30.5,126.1,-23.9,20.0,-23.9,126.1,0,WIN
2021-08-10,5,2,3,775.0,680.5,376.1,-23.9,40.0,-23.9,476.1,0,WIN
2021-08-11,4,1,3,60.0,-15.6,56.1,-23.9,25.0,-23.9,56.1,0,LOSS
2021-08-12,4,0,4,-20.0,-95.6,0.0,-23.9,0.0,-23.9,-23.9,0,LOSS
2021-08-13,5,1,4,245.0,150.5,246.1,-23.9,20.0,-23.9,246.1,0,WIN
2021-08-16,6,1,5,270.0,156.6,276.1,-23.9,16.67,-23.9,276.1,0,WIN
2021-08-17,5,0,5,-25.0,-119.5,0.0,-23.9,0.0,-23.9,-23.9,0,LOSS
2021-08-18,4,0,4,-20.0,-95.6,0.0,-23.9,0.0,-23.9,-23.9,0,LOSS
2021-08-19,5,1,4,275.0,180.5,276.1,-23.9,20.0,-23.9,276.1,0,WIN
2021-08-20,5,0,5,-25.0,-119.5,0.0,-23.9,0.0,-23.9,-23.9,0,LOSS
2021-08-23,5,0,5,-25.0,-119.5,0.0,-23.9,0.0,-23.9,-23.9,0,LOSS
2021-08-24,5,2,3,272.5,178.0,124.85,-23.9,40.0,-23.9,126.1,0,WIN
2021-08-25,4,0,4,-20.0,-95.6,0.0,-23.9,0.0,-23.9,-23.9,0,LOSS
2021-08-26,5,2,3,607.5,513.0,292.35,-23.9,40.0,-23.9,308.6,0,WIN
2021-08-27,5,1,4,475.0,380.5,476.1,-23.9,20.0,-23.9,476.1,0,WIN
2021-08-30,5,0,5,-25.0,-119.5,0.0,-23.9,0.0,-23.9,-23.9,0,LOSS
2021-08-31,5,1,4,272.5,178.0,273.6,-23.9,20.0,-23.9,273.6,0,WIN
2021-09-01,4,0,4,-20.0,-95.6,0.0,-23.9,0.0,-23.9,-23.9,0,LOSS
2021-09-02,5,3,2,667.5,573.0,206.93,-23.9,60.0,-23.9,291.1,0,WIN
2021-09-03,5,3,2,702.5,608.0,218.6,-23.9,60.0,-23.9,476.1,0,WIN
2021-09-06,2,0,2,-10.0,-47.8,0.0,-23.9,0.0,-23.9,-23.9,0,LOSS
2021-09-07,5,0,5,-25.0,-119.5,0.0,-23.9,0.0,-23.9,-23.9,0,LOSS
2021-09-08,5,2,3,717.5,623.0,347.35,-23.9,40.0,-23.9,568.6,0,WIN
2021-09-09,5,0,5,-25.0,-119.5,0.0,-23.9,0.0,-23.9,-23.9,0,LOSS
2021-09-10,5,1,4,502.5,408.0,503.6,-23.9,20.0,-23.9,503.6,0,WIN
2021-09-13,5,2,3,910.0,815.5,443.6,-23.9,40.0,-23.9,761.1,0,WIN
2021-09-14,5,1,4,305.0,210.5,306.1,-23.9,20.0,-23.9,306.1,0,WIN
2021-09-15,5,1,4,125.0,30.5,126.1,-23.9,20.0,-23.9,126.1,0,WIN
2021-09-16,5,0,5,-25.0,-119.5,0.0,-23.9,0.0,-23.9,-23.9,0,LOSS
2021-09-20,5,0,5,-25.0,-119.5,0.0,-23.9,0.0,-23.9,-23.9,0,LOSS
2021-09-21,6,2,4,970.0,856.6,476.1,-23.9,33.33,-23.9,476.1,0,WIN
2021-09-22,5,1,4,475.0,380.5,476.1,-23.9,20.0,-23.9,476.1,0,WIN
2021-09-23,4,0,4,-20.0,-95.6,0.0,-23.9,0.0,-23.9,-23.9,0,LOSS
2021-09-24,6,2,4,1120.0,1006.6,551.1,-23.9,33.33,-23.9,976.1,0,WIN
2021-09-27,6,4,2,1415.0,1301.6,337.35,-23.9,66.67,-23.9,476.1,0,WIN
2021-09-28,7,3,4,715.0,582.7,226.1,-23.9,42.86,-23.9,276.1,0,WIN
2021-09-29,6,3,3,1620.0,1506.6,526.1,-23.9,50.0,-23.9,976.1,0,WIN
2021-09-30,5,1,4,975.0,880.5,976.1,-23.9,20.0,-23.9,976.1,0,WIN
2021-10-01,4,0,4,-20.0,-95.6,0.0,-23.9,0.0,-23.9,-23.9,0,LOSS
2021-10-04,6,2,4,420.0,306.6,201.1,-23.9,33.33,-23.9,276.1,0,WIN
2021-10-05,5,0,5,-25.0,-119.5,0.0,-23.9,0.0,-23.9,-23.9,0,LOSS
2021-10-06,5,2,3,320.0,225.5,148.6,-23.9,40.0,-23.9,276.1,0,WIN
2021-10-07,5,2,3,737.5,643.0,357.35,-23.9,40.0,-23.9,438.6,0,WIN
2021-10-08,5,1,4,125.0,30.5,126.1,-23.9,20.0,-23.9,126.1,0,WIN
2021-10-11,5,0,5,-25.0,-119.5,0.0,-23.9,0.0,-23.9,-23.9,0,LOSS
2021-10-12,4,0,4,-20.0,-95.6,0.0,-23.9,0.0,-23.9,-23.9,0,LOSS
2021-10-13,4,1,3,410.0,334.4,406.1,-23.9,25.0,-23.9,406.1,0,WIN
2021-10-14,5,0,5,-25.0,-119.5,0.0,-23.9,0.0,-23.9,-23.9,0,LOSS
2021-10-15,5,1,4,155.0,60.5,156.1,-23.9,20.0,-23.9,156.1,0,WIN
2021-10-18,5,1,4,125.0,30.5,126.1,-23.9,20.0,-23.9,126.1,0,WIN
2021-10-19,5,0,5,-25.0,-119.5,0.0,-23.9,0.0,-23.9,-23.9,0,LOSS
2021-10-20,5,0,5,-25.0,-119.5,0.0,-23.9,0.0,-23.9,-23.9,0,LOSS
2021-10-21,4,0,4,-20.0,-95.6,0.0,-23.9,0.0,-23.9,-23.9,0,LOSS
2021-10-22,4,1,3,280.0,204.4,276.1,-23.9,25.0,-23.9,276.1,0,WIN
2021-10-25,5,0,5,-25.0,-119.5,0.0,-23.9,0.0,-23.9,-23.9,0,LOSS
2021-10-26,5,2,3,1125.0,1030.5,551.1,-23.9,40.0,-23.9,976.1,0,WIN
2021-10-27,5,1,4,475.0,380.5,476.1,-23.9,20.0,-23.9,476.1,0,WIN
2021-10-28,6,2,4,347.5,234.1,164.85,-23.9,33.33,-23.9,276.1,0,WIN
2021-10-29,5,0,5,-25.0,-119.5,0.0,-23.9,0.0,-23.9,-23.9,0,LOSS
2021-11-01,5,1,4,275.0,180.5,276.1,-23.9,20.0,-23.9,276.1,0,WIN
2021-11-02,5,1,4,125.0,30.5,126.1,-23.9,20.0,-23.9,126.1,0,WIN
2021-11-03,5,0,5,-25.0,-119.5,0.0,-23.9,0.0,-23.9,-23.9,0,LOSS
2021-11-04,4,1,3,980.0,904.4,976.1,-23.9,25.0,-23.9,976.1,0,WIN
2021-11-05,4,0,4,-20.0,-95.6,0.0,-23.9,0.0,-23.9,-23.9,0,LOSS
2021-11-08,5,1,4,130.0,35.5,131.1,-23.9,20.0,-23.9,131.1,0,WIN
2021-11-09,7,4,3,2265.0,2132.7,551.1,-23.9,57.14,-23.9,976.1,0,WIN
2021-11-10,5,3,2,925.0,830.5,292.77,-23.9,60.0,-23.9,476.1,0,WIN
2021-11-11,4,2,2,742.5,666.9,357.35,-23.9,50.0,-23.9,423.6,0,WIN
2021-11-12,5,1,4,125.0,30.5,126.1,-23.9,20.0,-23.9,126.1,0,WIN
2021-11-15,4,0,4,-20.0,-95.6,0.0,-23.9,0.0,-23.9,-23.9,0,LOSS
2021-11-16,5,0,5,-25.0,-119.5,0.0,-23.9,0.0,-23.9,-23.9,0,LOSS
2021-11-17,5,2,3,452.5,358.0,214.85,-23.9,40.0,-23.9,303.6,0,WIN
2021-11-18,5,2,3,317.5,223.0,147.35,-23.9,40.0,-23.9,168.6,0,WIN
2021-11-19,4,0,4,-20.0,-95.6,0.0,-23.9,0.0,-23.9,-23.9,0,LOSS
2021-11-22,5,0,5,-25.0,-119.5,0.0,-23.9,0.0,-23.9,-23.9,0,LOSS
2021-11-23,6,2,4,1270.0,1156.6,626.1,-23.9,33.33,-23.9,976.1,0,WIN
2021-11-24,6,2,4,770.0,656.6,376.1,-23.9,33.33,-23.9,476.1,0,WIN
2021-11-25,2,0,2,-10.0,-47.8,0.0,-23.9,0.0,-23.9,-23.9,0,LOSS
2021-11-26,5,4,1,1575.0,1480.5,376.1,-23.9,80.0,-23.9,976.1,0,WIN
2021-11-29,5,0,5,-25.0,-119.5,0.0,-23.9,0.0,-23.9,-23.9,0,LOSS
2021-11-30,6,2,4,420.0,306.6,201.1,-23.9,33.33,-23.9,276.1,0,WIN
2021-12-01,5,0,5,-25.0,-119.5,0.0,-23.9,0.0,-23.9,-23.9,0,LOSS
2021-12-02,6,3,3,2270.0,2156.6,742.77,-23.9,50.0,-23.9,976.1,0,WIN
2021-12-03,5,1,4,475.0,380.5,476.1,-23.9,20.0,-23.9,476.1,0,WIN
2021-12-06,4,0,4,-20.0,-95.6,0.0,-23.9,0.0,-23.9,-23.9,0,LOSS
2021-12-07,5,0,5,-25.0,-119.5,0.0,-23.9,0.0,-23.9,-23.9,0,LOSS
2021-12-08,6,1,5,120.0,6.6,126.1,-23.9,16.67,-23.9,126.1,0,WIN
2021-12-09,5,1,4,125.0,30.5,126.1,-23.9,20.0,-23.9,126.1,0,WIN
2021-12-10,6,2,4,420.0,306.6,201.1,-23.9,33.33,-23.9,276.1,0,WIN
2021-12-13,6,2,4,270.0,156.6,126.1,-23.9,33.33,-23.9,126.1,0,WIN
2021-12-14,6,2,4,420.0,306.6,201.1,-23.9,33.33,-23.9,276.1,0,WIN
2021-12-15,5,1,4,125.0,30.5,126.1,-23.9,20.0,-23.9,126.1,0,WIN
2021-12-16,4,1,3,280.0,204.4,276.1,-23.9,25.0,-23.9,276.1,0,WIN
2021-12-20,5,0,5,-25.0,-119.5,0.0,-23.9,0.0,-23.9,-23.9,0,LOSS
2021-12-21,6,2,4,1270.0,1156.6,626.1,-23.9,33.33,-23.9,976.1,0,WIN
2021-12-22,5,2,3,1152.5,1058.0,564.85,-23.9,40.0,-23.9,653.6,0,WIN
2021-12-23,5,0,5,-25.0,-119.5,0.0,-23.9,0.0,-23.9,-23.9,0,LOSS
2021-12-27,5,0,5,-25.0,-119.5,0.0,-23.9,0.0,-23.9,-23.9,0,LOSS
2021-12-28,5,2,3,685.0,590.5,331.1,-23.9,40.0,-23.9,536.1,0,WIN
2021-12-29,4,1,3,130.0,54.4,126.1,-23.9,25.0,-23.9,126.1,0,WIN
2021-12-30,5,1,4,475.0,380.5,476.1,-23.9,20.0,-23.9,476.1,0,WIN
2021-12-31,5,1,4,125.0,30.5,126.1,-23.9,20.0,-23.9,126.1,0,WIN
2022-01-03,5,1,4,975.0,880.5,976.1,-23.9,20.0,-23.9,976.1,0,WIN
2022-01-04,5,1,4,275.0,180.5,276.1,-23.9,20.0,-23.9,276.1,0,WIN
2022-01-05,7,3,4,715.0,582.7,226.1,-23.9,42.86,-23.9,276.1,0,WIN
2022-01-06,6,5,1,2920.0,2806.6,566.1,-23.9,83.33,-23.9,976.1,0,WIN
2022-01-07,7,4,3,1645.0,1512.7,396.1,-23.9,57.14,-23.9,976.1,0,WIN
2022-01-10,6,3,3,1970.0,1856.6,642.77,-23.9,50.0,-23.9,976.1,0,WIN
2022-01-11,5,1,4,475.0,380.5,476.1,-23.9,20.0,-23.9,476.1,0,WIN
2022-01-12,5,2,3,645.0,550.5,311.1,-23.9,40.0,-23.9,476.1,0,WIN
2022-01-13,5,1,4,275.0,180.5,276.1,-23.9,20.0,-23.9,276.1,0,WIN
2022-01-14,4,0,4,-20.0,-95.6,0.0,-23.9,0.0,-23.9,-23.9,0,LOSS
2022-01-17,1,1,0,302.5,283.6,283.6,0.0,100.0,283.6,283.6,0,WIN
2022-01-18,7,4,3,1915.0,1782.7,463.6,-23.9,57.14,-23.9,976.1,0,WIN
2022-01-19,6,2,4,1120.0,1006.6,551.1,-23.9,33.33,-23.9,976.1,0,WIN
2022-01-20,6,1,5,970.0,856.6,976.1,-23.9,16.67,-23.9,976.1,0,WIN
2022-01-21,8,4,4,1060.0,908.8,251.1,-23.9,50.0,-23.9,476.1,0,WIN
2022-01-24,6,3,3,1970.0,1856.6,642.77,-23.9,50.0,-23.9,976.1,0,WIN
2022-01-25,7,4,3,1915.0,1782.7,463.6,-23.9,57.14,-23.9,976.1,0,WIN
2022-01-26,6,2,4,770.0,656.6,376.1,-23.9,33.33,-23.9,476.1,0,WIN
2022-01-27,6,2,4,770.0,656.6,376.1,-23.9,33.33,-23.9,476.1,0,WIN
2022-01-28,6,2,4,420.0,306.6,201.1,-23.9,33.33,-23.9,276.1,0,WIN
2022-01-31,4,0,4,-20.0,-95.6,0.0,-23.9,0.0,-23.9,-23.9,0,LOSS
2022-02-01,6,3,3,1270.0,1156.6,409.43,-23.9,50.0,-23.9,976.1,0,WIN
2022-02-02,6,2,4,620.0,506.6,301.1,-23.9,33.33,-23.9,476.1,0,WIN
2022-02-03,7,3,4,765.0,632.7,242.77,-23.9,42.86,-23.9,476.1,0,WIN
2022-02-04,5,1,4,275.0,180.5,276.1,-23.9,20.0,-23.9,276.1,0,WIN
2022-02-07,6,1,5,270.0,156.6,276.1,-23.9,16.67,-23.9,276.1,0,WIN
2022-02-08,5,1,4,387.5,293.0,388.6,-23.9,20.0,-23.9,388.6,0,WIN
2022-02-09,5,0,5,-25.0,-119.5,0.0,-23.9,0.0,-23.9,-23.9,0,LOSS
2022-02-10,6,2,4,1970.0,1856.6,976.1,-23.9,33.33,-23.9,976.1,0,WIN
2022-02-11,6,2,4,570.0,456.6,276.1,-23.9,33.33,-23.9,276.1,0,WIN
2022-02-14,4,1,3,280.0,204.4,276.1,-23.9,25.0,-23.9,276.1,0,WIN
2022-02-15,5,1,4,975.0,880.5,976.1,-23.9,20.0,-23.9,976.1,0,WIN
2022-02-16,5,0,5,-25.0,-119.5,0.0,-23.9,0.0,-23.9,-23.9,0,LOSS
2022-02-17,5,0,5,-25.0,-119.5,0.0,-23.9,0.0,-23.9,-23.9,0,LOSS
2022-02-18,7,3,4,1115.0,982.7,359.43,-23.9,42.86,-23.9,476.1,0,WIN
2022-02-21,2,0,2,-10.0,-47.8,0.0,-23.9,0.0,-23.9,-23.9,0,LOSS
2022-02-22,5,1,4,475.0,380.5,476.1,-23.9,20.0,-23.9,476.1,0,WIN
2022-02-23,7,3,4,2465.0,2332.7,809.43,-23.9,42.86,-23.9,976.1,0,WIN
2022-02-24,6,2,4,970.0,856.6,476.1,-23.9,33.33,-23.9,476.1,0,WIN
2022-02-25,5,1,4,475.0,380.5,476.1,-23.9,20.0,-23.9,476.1,0,WIN
2022-02-28,7,3,4,1265.0,1132.7,409.43,-23.9,42.86,-23.9,476.1,0,WIN
2022-03-01,5,2,3,1275.0,1180.5,626.1,-23.9,40.0,-23.9,976.1,0,WIN
2022-03-02,5,0,5,-25.0,-119.5,0.0,-23.9,0.0,-23.9,-23.9,0,LOSS
2022-03-03,5,2,3,1975.0,1880.5,976.1,-23.9,40.0,-23.9,976.1,0,WIN
2022-03-04,6,3,3,570.0,456.6,176.1,-23.9,50.0,-23.9,276.1,0,WIN
2022-03-07,6,1,5,120.0,6.6,126.1,-23.9,16.67,-23.9,126.1,0,WIN
2022-03-08,8,6,2,3410.0,3258.8,551.1,-23.9,75.0,-23.9,976.1,0,WIN
2022-03-09,5,1,4,475.0,380.5,476.1,-23.9,20.0,-23.9,476.1,0,WIN
2022-03-10,6,2,4,420.0,306.6,201.1,-23.9,33.33,-23.9,276.1,0,WIN
2022-03-11,5,0,5,-25.0,-119.5,0.0,-23.9,0.0,-23.9,-23.9,0,LOSS
2022-03-14,5,3,2,1467.5,1373.0,473.6,-23.9,60.0,-23.9,976.1,0,WIN
2022-03-15,5,0,5,-25.0,-119.5,0.0,-23.9,0.0,-23.9,-23.9,0,LOSS
2022-03-16,6,4,2,2770.0,2656.6,676.1,-23.9,66.67,-23.9,976.1,0,WIN
2022-03-17,5,2,3,1275.0,1180.5,626.1,-23.9,40.0,-23.9,976.1,0,WIN
2022-03-21,6,2,4,1970.0,1856.6,976.1,-23.9,33.33,-23.9,976.1,0,WIN
2022-03-22,5,1,4,125.0,30.5,126.1,-23.9,20.0,-23.9,126.1,0,WIN
2022-03-23,6,3,3,1070.0,956.6,342.77,-23.9,50.0,-23.9,476.1,0,WIN
2022-03-24,5,0,5,-25.0,-119.5,0.0,-23.9,0.0,-23.9,-23.9,0,LOSS
2022-03-25,6,2,4,1270.0,1156.6,626.1,-23.9,33.33,-23.9,976.1,0,WIN
2022-03-28,5,0,5,-25.0,-119.5,0.0,-23.9,0.0,-23.9,-23.9,0,LOSS
2022-03-29,4,0,4,-20.0,-95.6,0.0,-23.9,0.0,-23.9,-23.9,0,LOSS
2022-03-30,5,2,3,425.0,330.5,201.1,-23.9,40.0,-23.9,276.1,0,WIN
2022-03-31,5,0,5,-25.0,-119.5,0.0,-23.9,0.0,-23.9,-23.9,0,LOSS
2022-04-01,4,0,4,-20.0,-95.6,0.0,-23.9,0.0,-23.9,-23.9,0,LOSS
2022-04-04,5,1,4,975.0,880.5,976.1,-23.9,20.0,-23.9,976.1,0,WIN
2022-04-05,4,1,3,295.0,219.4,291.1,-23.9,25.0,-23.9,291.1,0,WIN
2022-04-06,6,3,3,1620.0,1506.6,526.1,-23.9,50.0,-23.9,976.1,0,WIN
2022-04-07,7,3,4,1765.0,1632.7,576.1,-23.9,42.86,-23.9,976.1,0,WIN
2022-04-08,5,2,3,1975.0,1880.5,976.1,-23.9,40.0,-23.9,976.1,0,WIN
2022-04-11,5,1,4,125.0,30.5,126.1,-23.9,20.0,-23.9,126.1,0,WIN
2022-04-12,4,0,4,-20.0,-95.6,0.0,-23.9,0.0,-23.9,-23.9,0,LOSS
2022-04-13,4,0,4,-20.0,-95.6,0.0,-23.9,0.0,-23.9,-23.9,0,LOSS
2022-04-14,5,1,4,125.0,30.5,126.1,-23.9,20.0,-23.9,126.1,0,WIN
2022-04-18,5,1,4,275.0,180.5,276.1,-23.9,20.0,-23.9,276.1,0,WIN
2022-04-19,6,3,3,1412.5,1299.1,456.93,-23.9,50.0,-23.9,976.1,0,WIN
2022-04-20,5,3,2,1275.0,1180.5,409.43,-23.9,60.0,-23.9,976.1,0,WIN
2022-04-21,7,4,3,1415.0,1282.7,338.6,-23.9,57.14,-23.9,976.1,0,WIN
2022-04-22,6,1,5,470.0,356.6,476.1,-23.9,16.67,-23.9,476.1,0,WIN
2022-04-25,6,2,4,970.0,856.6,476.1,-23.9,33.33,-23.9,476.1,0,WIN
2022-04-26,6,3,3,2120.0,2006.6,692.77,-23.9,50.0,-23.9,976.1,0,WIN
2022-04-27,6,2,4,1270.0,1156.6,626.1,-23.9,33.33,-23.9,976.1,0,WIN
2022-04-28,5,2,3,975.0,880.5,476.1,-23.9,40.0,-23.9,476.1,0,WIN
2022-04-29,6,2,4,1270.0,1156.6,626.1,-23.9,33.33,-23.9,976.1,0,WIN
2022-05-02,6,4,2,2620.0,2506.6,638.6,-23.9,66.67,-23.9,976.1,0,WIN
2022-05-03,5,1,4,975.0,880.5,976.1,-23.9,20.0,-23.9,976.1,0,WIN
2022-05-04,5,1,4,275.0,180.5,276.1,-23.9,20.0,-23.9,276.1,0,WIN
2022-05-05,7,4,3,2065.0,1932.7,501.1,-23.9,57.14,-23.9,976.1,0,WIN
2022-05-06,6,3,3,1970.0,1856.6,642.77,-23.9,50.0,-23.9,976.1,0,WIN
2022-05-09,8,5,3,2210.0,2058.8,426.1,-23.9,62.5,-23.9,976.1,0,WIN
2022-05-10,6,3,3,1270.0,1156.6,409.43,-23.9,50.0,-23.9,476.1,0,WIN
2022-05-11,7,4,3,2265.0,2132.7,551.1,-23.9,57.14,-23.9,976.1,0,WIN
2022-05-12,7,4,3,2265.0,2132.7,551.1,-23.9,57.14,-23.9,976.1,0,WIN
2022-05-13,5,2,3,1975.0,1880.5,976.1,-23.9,40.0,-23.9,976.1,0,WIN
2022-05-16,9,7,2,4555.0,4384.9,633.24,-23.9,77.78,-23.9,976.1,0,WIN
2022-05-17,6,3,3,2970.0,2856.6,976.1,-23.9,50.0,-23.9,976.1,0,WIN
2022-05-18,7,3,4,415.0,282.7,126.1,-23.9,42.86,-23.9,126.1,0,WIN
2022-05-19,8,6,2,3060.0,2908.8,492.77,-23.9,75.0,-23.9,976.1,0,WIN
2022-05-20,5,2,3,1475.0,1380.5,726.1,-23.9,40.0,-23.9,976.1,0,WIN
2022-05-23,7,3,4,1565.0,1432.7,509.43,-23.9,42.86,-23.9,976.1,0,WIN
2022-05-24,5,1,4,125.0,30.5,126.1,-23.9,20.0,-23.9,126.1,0,WIN
2022-05-25,5,1,4,975.0,880.5,976.1,-23.9,20.0,-23.9,976.1,0,WIN
2022-05-26,5,0,5,-25.0,-119.5,0.0,-23.9,0.0,-23.9,-23.9,0,LOSS
2022-05-27,5,0,5,-25.0,-119.5,0.0,-23.9,0.0,-23.9,-23.9,0,LOSS
2022-05-30,3,1,2,985.0,928.3,976.1,-23.9,33.33,-23.9,976.1,0,WIN
2022-05-31,6,2,4,770.0,656.6,376.1,-23.9,33.33,-23.9,476.1,0,WIN
2022-06-01,5,1,4,275.0,180.5,276.1,-23.9,20.0,-23.9,276.1,0,WIN
2022-06-02,6,2,4,1470.0,1356.6,726.1,-23.9,33.33,-23.9,976.1,0,WIN
2022-06-03,6,3,3,770.0,656.6,242.77,-23.9,50.0,-23.9,476.1,0,WIN
2022-06-06,5,2,3,1275.0,1180.5,626.1,-23.9,40.0,-23.9,976.1,0,WIN
2022-06-07,6,3,3,1420.0,1306.6,459.43,-23.9,50.0,-23.9,976.1,0,WIN
2022-06-08,6,3,3,1270.0,1156.6,409.43,-23.9,50.0,-23.9,976.1,0,WIN
2022-06-09,7,4,3,1765.0,1632.7,426.1,-23.9,57.14,-23.9,976.1,0,WIN
2022-06-10,6,4,2,1570.0,1456.6,376.1,-23.9,66.67,-23.9,976.1,0,WIN
2022-06-13,6,4,2,1690.0,1576.6,406.1,-23.9,66.67,-23.9,896.1,0,WIN
2022-06-14,5,2,3,975.0,880.5,476.1,-23.9,40.0,-23.9,476.1,0,WIN
2022-06-15,5,2,3,1275.0,1180.5,626.1,-23.9,40.0,-23.9,976.1,0,WIN
2022-06-16,5,1,4,975.0,880.5,976.1,-23.9,20.0,-23.9,976.1,0,WIN
2022-06-20,3,0,3,-15.0,-71.7,0.0,-23.9,0.0,-23.9,-23.9,0,LOSS
2022-06-21,5,2,3,540.0,445.5,258.6,-23.9,40.0,-23.9,391.1,0,WIN
2022-06-22,4,2,2,1130.0,1054.4,551.1,-23.9,50.0,-23.9,976.1,0,WIN
2022-06-23,5,0,5,-25.0,-119.5,0.0,-23.9,0.0,-23.9,-23.9,0,LOSS
2022-06-24,5,0,5,-25.0,-119.5,0.0,-23.9,0.0,-23.9,-23.9,0,LOSS
2022-06-27,5,1,4,125.0,30.5,126.1,-23.9,20.0,-23.9,126.1,0,WIN
2022-06-28,6,1,5,970.0,856.6,976.1,-23.9,16.67,-23.9,976.1,0,WIN
2022-06-29,4,2,2,1865.0,1789.4,918.6,-23.9,50.0,-23.9,976.1,0,WIN
2022-06-30,5,1,4,125.0,30.5,126.1,-23.9,20.0,-23.9,126.1,0,WIN
2022-07-01,6,3,3,770.0,656.6,242.77,-23.9,50.0,-23.9,476.1,0,WIN
2022-07-04,2,0,2,-10.0,-47.8,0.0,-23.9,0.0,-23.9,-23.9,0,LOSS
2022-07-05,6,2,4,420.0,306.6,201.1,-23.9,33.33,-23.9,276.1,0,WIN
2022-07-06,5,1,4,475.0,380.5,476.1,-23.9,20.0,-23.9,476.1,0,WIN
2022-07-07,5,0,5,-25.0,-119.5,0.0,-23.9,0.0,-23.9,-23.9,0,LOSS
2022-07-08,3,0,3,-15.0,-71.7,0.0,-23.9,0.0,-23.9,-23.9,0,LOSS
2022-07-11,4,0,4,-20.0,-95.6,0.0,-23.9,0.0,-23.9,-23.9,0,LOSS
2022-07-12,7,4,3,1915.0,1782.7,463.6,-23.9,57.14,-23.9,976.1,0,WIN
2022-07-13,6,2,4,970.0,856.6,476.1,-23.9,33.33,-23.9,476.1,0,WIN
2022-07-14,4,0,4,-20.0,-95.6,0.0,-23.9,0.0,-23.9,-23.9,0,LOSS
2022-07-15,5,0,5,-25.0,-119.5,0.0,-23.9,0.0,-23.9,-23.9,0,LOSS
2022-07-18,5,1,4,975.0,880.5,976.1,-23.9,20.0,-23.9,976.1,0,WIN
2022-07-19,5,0,5,-25.0,-119.5,0.0,-23.9,0.0,-23.9,-23.9,0,LOSS
2022-07-20,6,3,3,1270.0,1156.6,409.43,-23.9,50.0,-23.9,476.1,0,WIN
2022-07-21,6,2,4,1470.0,1356.6,726.1,-23.9,33.33,-23.9,976.1,0,WIN
2022-07-22,5,1,4,587.5,493.0,588.6,-23.9,20.0,-23.9,588.6,0,WIN
2022-07-25,5,1,4,125.0,30.5,126.1,-23.9,20.0,-23.9,126.1,0,WIN
2022-07-26,6,1,5,120.0,6.6,126.1,-23.9,16.67,-23.9,126.1,0,WIN
2022-07-27,4,1,3,280.0,204.4,276.1,-23.9,25.0,-23.9,276.1,0,WIN
2022-07-28,5,0,5,-25.0,-119.5,0.0,-23.9,0.0,-23.9,-23.9,0,LOSS
2022-07-29,5,1,4,975.0,880.5,976.1,-23.9,20.0,-23.9,976.1,0,WIN
2022-08-01,7,4,3,1915.0,1782.7,463.6,-23.9,57.14,-23.9,976.1,0,WIN
2022-08-02,6,3,3,2120.0,2006.6,692.77,-23.9,50.0,-23.9,976.1,0,WIN
2022-08-03,5,0,5,-25.0,-119.5,0.0,-23.9,0.0,-23.9,-23.9,0,LOSS
2022-08-04,6,3,3,1420.0,1306.6,459.43,-23.9,50.0,-23.9,976.1,0,WIN
2022-08-05,5,1,4,475.0,380.5,476.1,-23.9,20.0,-23.9,476.1,0,WIN
2022-08-08,5,1,4,275.0,180.5,276.1,-23.9,20.0,-23.9,276.1,0,WIN
2022-08-09,5,0,5,-25.0,-119.5,0.0,-23.9,0.0,-23.9,-23.9,0,LOSS
2022-08-10,4,1,3,265.0,189.4,261.1,-23.9,25.0,-23.9,261.1,0,WIN
2022-08-11,4,0,4,-20.0,-95.6,0.0,-23.9,0.0,-23.9,-23.9,0,LOSS
2022-08-12,5,0,5,-25.0,-119.5,0.0,-23.9,0.0,-23.9,-23.9,0,LOSS
2022-08-15,6,2,4,420.0,306.6,201.1,-23.9,33.33,-23.9,276.1,0,WIN
2022-08-16,4,1,3,130.0,54.4,126.1,-23.9,25.0,-23.9,126.1,0,WIN
2022-08-17,5,1,4,275.0,180.5,276.1,-23.9,20.0,-23.9,276.1,0,WIN
2022-08-18,5,1,4,275.0,180.5,276.1,-23.9,20.0,-23.9,276.1,0,WIN
2022-08-19,5,0,5,-25.0,-119.5,0.0,-23.9,0.0,-23.9,-23.9,0,LOSS
2022-08-22,5,1,4,275.0,180.5,276.1,-23.9,20.0,-23.9,276.1,0,WIN
2022-08-23,7,4,3,2415.0,2282.7,588.6,-23.9,57.14,-23.9,976.1,0,WIN
2022-08-24,6,2,4,270.0,156.6,126.1,-23.9,33.33,-23.9,126.1,0,WIN
2022-08-25,4,0,4,-20.0,-95.6,0.0,-23.9,0.0,-23.9,-23.9,0,LOSS
2022-08-26,5,0,5,-25.0,-119.5,0.0,-23.9,0.0,-23.9,-23.9,0,LOSS
2022-08-29,5,2,3,1475.0,1380.5,726.1,-23.9,40.0,-23.9,976.1,0,WIN
2022-08-30,4,0,4,-20.0,-95.6,0.0,-23.9,0.0,-23.9,-23.9,0,LOSS
2022-08-31,5,2,3,1275.0,1180.5,626.1,-23.9,40.0,-23.9,976.1,0,WIN
2022-09-01,6,1,5,120.0,6.6,126.1,-23.9,16.67,-23.9,126.1,0,WIN
2022-09-02,6,2,4,270.0,156.6,126.1,-23.9,33.33,-23.9,126.1,0,WIN
2022-09-05,2,0,2,-10.0,-47.8,0.0,-23.9,0.0,-23.9,-23.9,0,LOSS
2022-09-06,6,2,4,420.0,306.6,201.1,-23.9,33.33,-23.9,276.1,0,WIN
2022-09-07,5,1,4,975.0,880.5,976.1,-23.9,20.0,-23.9,976.1,0,WIN
2022-09-08,6,3,3,920.0,806.6,292.77,-23.9,50.0,-23.9,476.1,0,WIN
2022-09-09,5,0,5,-25.0,-119.5,0.0,-23.9,0.0,-23.9,-23.9,0,LOSS
2022-09-12,5,2,3,312.5,218.0,144.85,-23.9,40.0,-23.9,163.6,0,WIN
2022-09-13,6,2,4,1120.0,1006.6,551.1,-23.9,33.33,-23.9,976.1,0,WIN
2022-09-14,6,1,5,120.0,6.6,126.1,-23.9,16.67,-23.9,126.1,0,WIN
2022-09-15,5,2,3,1275.0,1180.5,626.1,-23.9,40.0,-23.9,976.1,0,WIN
2022-09-19,6,3,3,1270.0,1156.6,409.43,-23.9,50.0,-23.9,976.1,0,WIN
2022-09-20,7,3,4,565.0,432.7,176.1,-23.9,42.86,-23.9,276.1,0,WIN
2022-09-21,4,0,4,-20.0,-95.6,0.0,-23.9,0.0,-23.9,-23.9,0,LOSS
2022-09-22,7,4,3,1415.0,1282.7,338.6,-23.9,57.14,-23.9,976.1,0,WIN
2022-09-23,6,2,4,1270.0,1156.6,626.1,-23.9,33.33,-23.9,976.1,0,WIN
2022-09-26,7,3,4,715.0,582.7,226.1,-23.9,42.86,-23.9,276.1,0,WIN
2022-09-27,7,3,4,1615.0,1482.7,526.1,-23.9,42.86,-23.9,976.1,0,WIN
2022-09-28,5,1,4,975.0,880.5,976.1,-23.9,20.0,-23.9,976.1,0,WIN
2022-09-29,5,1,4,125.0,30.5,126.1,-23.9,20.0,-23.9,126.1,0,WIN
2022-09-30,6,2,4,1120.0,1006.6,551.1,-23.9,33.33,-23.9,976.1,0,WIN
2022-10-03,4,0,4,-20.0,-95.6,0.0,-23.9,0.0,-23.9,-23.9,0,LOSS
2022-10-04,5,1,4,975.0,880.5,976.1,-23.9,20.0,-23.9,976.1,0,WIN
2022-10-05,5,1,4,125.0,30.5,126.1,-23.9,20.0,-23.9,126.1,0,WIN
2022-10-06,6,2,4,1120.0,1006.6,551.1,-23.9,33.33,-23.9,976.1,0,WIN
2022-10-07,5,0,5,-25.0,-119.5,0.0,-23.9,0.0,-23.9,-23.9,0,LOSS
2022-10-10,5,0,5,-25.0,-119.5,0.0,-23.9,0.0,-23.9,-23.9,0,LOSS
2022-10-11,5,3,2,1952.5,1858.0,635.27,-23.9,60.0,-23.9,976.1,0,WIN
2022-10-12,7,4,3,1715.0,1582.7,413.6,-23.9,57.14,-23.9,976.1,0,WIN
2022-10-13,5,1,4,475.0,380.5,476.1,-23.9,20.0,-23.9,476.1,0,WIN
2022-10-14,8,6,2,2532.5,2381.3,404.85,-23.9,75.0,-23.9,976.1,0,WIN
2022-10-17,5,0,5,-25.0,-119.5,0.0,-23.9,0.0,-23.9,-23.9,0,LOSS
2022-10-18,5,2,3,1975.0,1880.5,976.1,-23.9,40.0,-23.9,976.1,0,WIN
2022-10-19,6,3,3,1570.0,1456.6,509.43,-23.9,50.0,-23.9,976.1,0,WIN
2022-10-20,5,1,4,975.0,880.5,976.1,-23.9,20.0,-23.9,976.1,0,WIN
2022-10-21,5,1,4,125.0,30.5,126.1,-23.9,20.0,-23.9,126.1,0,WIN
2022-10-24,5,0,5,-25.0,-119.5,0.0,-23.9,0.0,-23.9,-23.9,0,LOSS
2022-10-25,6,1,5,970.0,856.6,976.1,-23.9,16.67,-23.9,976.1,0,WIN
2022-10-26,4,0,4,-20.0,-95.6,0.0,-23.9,0.0,-23.9,-23.9,0,LOSS
2022-10-27,4,0,4,-20.0,-95.6,0.0,-23.9,0.0,-23.9,-23.9,0,LOSS
2022-10-28,5,0,5,-25.0,-119.5,0.0,-23.9,0.0,-23.9,-23.9,0,LOSS
2022-10-31,4,1,3,130.0,54.4,126.1,-23.9,25.0,-23.9,126.1,0,WIN
2022-11-01,6,3,3,1270.0,1156.6,409.43,-23.9,50.0,-23.9,976.1,0,WIN
2022-11-02,5,1,4,275.0,180.5,276.1,-23.9,20.0,-23.9,276.1,0,WIN
2022-11-03,6,2,4,270.0,156.6,126.1,-23.9,33.33,-23.9,126.1,0,WIN
2022-11-04,5,0,5,-25.0,-119.5,0.0,-23.9,0.0,-23.9,-23.9,0,LOSS
2022-11-07,5,1,4,125.0,30.5,126.1,-23.9,20.0,-23.9,126.1,0,WIN
2022-11-08,5,1,4,975.0,880.5,976.1,-23.9,20.0,-23.9,976.1,0,WIN
2022-11-09,5,1,4,975.0,880.5,976.1,-23.9,20.0,-23.9,976.1,0,WIN
2022-11-10,5,0,5,-25.0,-119.5,0.0,-23.9,0.0,-23.9,-23.9,0,LOSS
2022-11-11,5,2,3,575.0,480.5,276.1,-23.9,40.0,-23.9,276.1,0,WIN
2022-11-14,6,3,3,1770.0,1656.6,576.1,-23.9,50.0,-23.9,976.1,0,WIN
2022-11-15,4,0,4,-20.0,-95.6,0.0,-23.9,0.0,-23.9,-23.9,0,LOSS
2022-11-16,5,1,4,125.0,30.5,126.1,-23.9,20.0,-23.9,126.1,0,WIN
2022-11-17,6,1,5,120.0,6.6,126.1,-23.9,16.67,-23.9,126.1,0,WIN
2022-11-18,5,2,3,1125.0,1030.5,551.1,-23.9,40.0,-23.9,976.1,0,WIN
2022-11-21,4,0,4,-20.0,-95.6,0.0,-23.9,0.0,-23.9,-23.9,0,LOSS
2022-11-22,6,1,5,470.0,356.6,476.1,-23.9,16.67,-23.9,476.1,0,WIN
2022-11-23,4,0,4,-20.0,-95.6,0.0,-23.9,0.0,-23.9,-23.9,0,LOSS
2022-11-24,3,1,2,985.0,928.3,976.1,-23.9,33.33,-23.9,976.1,0,WIN
2022-11-25,3,1,2,135.0,78.3,126.1,-23.9,33.33,-23.9,126.1,0,WIN
2022-11-28,6,1,5,470.0,356.6,476.1,-23.9,16.67,-23.9,476.1,0,WIN
2022-11-29,5,1,4,197.5,103.0,198.6,-23.9,20.0,-23.9,198.6,0,WIN
2022-11-30,5,0,5,-25.0,-119.5,0.0,-23.9,0.0,-23.9,-23.9,0,LOSS
2022-12-01,5,1,4,275.0,180.5,276.1,-23.9,20.0,-23.9,276.1,0,WIN
2022-12-02,4,2,2,280.0,204.4,126.1,-23.9,50.0,-23.9,126.1,0,WIN
2022-12-05,5,0,5,-25.0,-119.5,0.0,-23.9,0.0,-23.9,-23.9,0,LOSS
2022-12-06,7,3,4,415.0,282.7,126.1,-23.9,42.86,-23.9,126.1,0,WIN
2022-12-07,5,3,2,710.0,615.5,221.1,-23.9,60.0,-23.9,276.1,0,WIN
2022-12-08,5,1,4,975.0,880.5,976.1,-23.9,20.0,-23.9,976.1,0,WIN
2022-12-09,5,1,4,125.0,30.5,126.1,-23.9,20.0,-23.9,126.1,0,WIN
2022-12-12,6,2,4,270.0,156.6,126.1,-23.9,33.33,-23.9,126.1,0,WIN
2022-12-13,5,3,2,2475.0,2380.5,809.43,-23.9,60.0,-23.9,976.1,0,WIN
2022-12-14,4,0,4,-20.0,-95.6,0.0,-23.9,0.0,-23.9,-23.9,0,LOSS
2022-12-15,5,1,4,125.0,30.5,126.1,-23.9,20.0,-23.9,126.1,0,WIN
2022-12-19,5,1,4,650.0,555.5,651.1,-23.9,20.0,-23.9,651.1,0,WIN
2022-12-20,6,3,3,1420.0,1306.6,459.43,-23.9,50.0,-23.9,976.1,0,WIN
2022-12-21,5,2,3,685.0,590.5,331.1,-23.9,40.0,-23.9,433.6,0,WIN
2022-12-22,5,0,5,-25.0,-119.5,0.0,-23.9,0.0,-23.9,-23.9,0,LOSS
2022-12-23,5,1,4,975.0,880.5,976.1,-23.9,20.0,-23.9,976.1,0,WIN
2022-12-27,5,0,5,-25.0,-119.5,0.0,-23.9,0.0,-23.9,-23.9,0,LOSS
2022-12-28,5,0,5,-25.0,-119.5,0.0,-23.9,0.0,-23.9,-23.9,0,LOSS
2022-12-29,4,0,4,-20.0,-95.6,0.0,-23.9,0.0,-23.9,-23.9,0,LOSS
2022-12-30,5,1,4,275.0,180.5,276.1,-23.9,20.0,-23.9,276.1,0,WIN
2023-01-03,6,2,4,1270.0,1156.6,626.1,-23.9,33.33,-23.9,976.1,0,WIN
2023-01-04,5,1,4,475.0,380.5,476.1,-23.9,20.0,-23.9,476.1,0,WIN
2023-01-05,5,3,2,1612.5,1518.0,521.93,-23.9,60.0,-23.9,613.6,0,WIN
2023-01-06,6,1,5,470.0,356.6,476.1,-23.9,16.67,-23.9,476.1,0,WIN
2023-01-09,5,1,4,125.0,30.5,126.1,-23.9,20.0,-23.9,126.1,0,WIN
2023-01-10,6,3,3,1770.0,1656.6,576.1,-23.9,50.0,-23.9,976.1,0,WIN
2023-01-11,5,0,5,-25.0,-119.5,0.0,-23.9,0.0,-23.9,-23.9,0,LOSS
2023-01-12,5,2,3,625.0,530.5,301.1,-23.9,40.0,-23.9,476.1,0,WIN
2023-01-13,5,1,4,475.0,380.5,476.1,-23.9,20.0,-23.9,476.1,0,WIN
2023-01-16,2,0,2,-10.0,-47.8,0.0,-23.9,0.0,-23.9,-23.9,0,LOSS
2023-01-17,5,1,4,275.0,180.5,276.1,-23.9,20.0,-23.9,276.1,0,WIN
2023-01-18,5,0,5,-25.0,-119.5,0.0,-23.9,0.0,-23.9,-23.9,0,LOSS
2023-01-19,5,1,4,275.0,180.5,276.1,-23.9,20.0,-23.9,276.1,0,WIN
2023-01-20,5,0,5,-25.0,-119.5,0.0,-23.9,0.0,-23.9,-23.9,0,LOSS
2023-01-23,5,0,5,-25.0,-119.5,0.0,-23.9,0.0,-23.9,-23.9,0,LOSS
2023-01-24,5,1,4,475.0,380.5,476.1,-23.9,20.0,-23.9,476.1,0,WIN
2023-01-25,4,0,4,-20.0,-95.6,0.0,-23.9,0.0,-23.9,-23.9,0,LOSS
2023-01-26,4,0,4,-20.0,-95.6,0.0,-23.9,0.0,-23.9,-23.9,0,LOSS
2023-01-27,5,0,5,-25.0,-119.5,0.0,-23.9,0.0,-23.9,-23.9,0,LOSS
2023-01-30,5,1,4,275.0,180.5,276.1,-23.9,20.0,-23.9,276.1,0,WIN
2023-01-31,5,0,5,-25.0,-119.5,0.0,-23.9,0.0,-23.9,-23.9,0,LOSS
2023-02-01,5,1,4,37.5,-57.0,38.6,-23.9,20.0,-23.9,38.6,0,LOSS
2023-02-02,5,1,4,975.0,880.5,976.1,-23.9,20.0,-23.9,976.1,0,WIN
2023-02-03,6,2,4,770.0,656.6,376.1,-23.9,33.33,-23.9,476.1,0,WIN
2023-02-06,5,2,3,425.0,330.5,201.1,-23.9,40.0,-23.9,276.1,0,WIN
2023-02-07,5,0,5,-25.0,-119.5,0.0,-23.9,0.0,-23.9,-23.9,0,LOSS
2023-02-08,6,4,2,2420.0,2306.6,588.6,-23.9,66.67,-23.9,976.1,0,WIN
2023-02-09,5,0,5,-25.0,-119.5,0.0,-23.9,0.0,-23.9,-23.9,0,LOSS
2023-02-10,7,4,3,1082.5,950.2,255.48,-23.9,57.14,-23.9,476.1,0,WIN
2023-02-13,4,1,3,312.5,236.9,308.6,-23.9,25.0,-23.9,308.6,0,WIN
2023-02-14,6,3,3,2270.0,2156.6,742.77,-23.9,50.0,-23.9,976.1,0,WIN
2023-02-15,5,0,5,-25.0,-119.5,0.0,-23.9,0.0,-23.9,-23.9,0,LOSS
2023-02-16,4,2,2,780.0,704.4,376.1,-23.9,50.0,-23.9,476.1,0,WIN
2023-02-17,5,0,5,-25.0,-119.5,0.0,-23.9,0.0,-23.9,-23.9,0,LOSS
2023-02-20,2,0,2,-10.0,-47.8,0.0,-23.9,0.0,-23.9,-23.9,0,LOSS
2023-02-21,5,0,5,-25.0,-119.5,0.0,-23.9,0.0,-23.9,-23.9,0,LOSS
2023-02-22,7,3,4,1265.0,1132.7,409.43,-23.9,42.86,-23.9,976.1,0,WIN
2023-02-23,5,1,4,125.0,30.5,126.1,-23.9,20.0,-23.9,126.1,0,WIN
2023-02-24,5,1,4,125.0,30.5,126.1,-23.9,20.0,-23.9,126.1,0,WIN
2023-02-27,3,0,3,-15.0,-71.7,0.0,-23.9,0.0,-23.9,-23.9,0,LOSS
2023-02-28,4,0,4,-20.0,-95.6,0.0,-23.9,0.0,-23.9,-23.9,0,LOSS
2023-03-01,7,4,3,1565.0,1432.7,376.1,-23.9,57.14,-23.9,976.1,0,WIN
2023-03-02,5,2,3,610.0,515.5,293.6,-23.9,40.0,-23.9,311.1,0,WIN
2023-03-03,5,0,5,-25.0,-119.5,0.0,-23.9,0.0,-23.9,-23.9,0,LOSS
2023-03-06,5,1,4,580.0,485.5,581.1,-23.9,20.0,-23.9,581.1,0,WIN
2023-03-07,6,3,3,1770.0,1656.6,576.1,-23.9,50.0,-23.9,976.1,0,WIN
2023-03-08,6,3,3,1302.5,1189.1,420.27,-23.9,50.0,-23.9,858.6,0,WIN
2023-03-09,4,0,4,-20.0,-95.6,0.0,-23.9,0.0,-23.9,-23.9,0,LOSS
2023-03-10,7,4,3,1615.0,1482.7,388.6,-23.9,57.14,-23.9,476.1,0,WIN
2023-03-13,7,4,3,2265.0,2132.7,551.1,-23.9,57.14,-23.9,976.1,0,WIN
2023-03-14,5,0,5,-25.0,-119.5,0.0,-23.9,0.0,-23.9,-23.9,0,LOSS
2023-03-15,5,0,5,-25.0,-119.5,0.0,-23.9,0.0,-23.9,-23.9,0,LOSS
2023-03-16,5,0,5,-25.0,-119.5,0.0,-23.9,0.0,-23.9,-23.9,0,LOSS
2023-03-20,5,1,4,125.0,30.5,126.1,-23.9,20.0,-23.9,126.1,0,WIN
2023-03-21,5,0,5,-25.0,-119.5,0.0,-23.9,0.0,-23.9,-23.9,0,LOSS
2023-03-22,5,0,5,-25.0,-119.5,0.0,-23.9,0.0,-23.9,-23.9,0,LOSS
2023-03-23,4,1,3,345.0,269.4,341.1,-23.9,25.0,-23.9,341.1,0,WIN
2023-03-24,6,2,4,420.0,306.6,201.1,-23.9,33.33,-23.9,276.1,0,WIN
2023-03-27,5,1,4,125.0,30.5,126.1,-23.9,20.0,-23.9,126.1,0,WIN
2023-03-28,4,0,4,-20.0,-95.6,0.0,-23.9,0.0,-23.9,-23.9,0,LOSS
2023-03-29,4,0,4,-20.0,-95.6,0.0,-23.9,0.0,-23.9,-23.9,0,LOSS
2023-03-30,5,1,4,375.0,280.5,376.1,-23.9,20.0,-23.9,376.1,0,WIN
2023-03-31,5,0,5,-25.0,-119.5,0.0,-23.9,0.0,-23.9,-23.9,0,LOSS
2023-04-03,5,0,5,-25.0,-119.5,0.0,-23.9,0.0,-23.9,-23.9,0,LOSS
2023-04-04,5,1,4,975.0,880.5,976.1,-23.9,20.0,-23.9,976.1,0,WIN
2023-04-05,5,0,5,-25.0,-119.5,0.0,-23.9,0.0,-23.9,-23.9,0,LOSS
2023-04-06,5,2,3,1475.0,1380.5,726.1,-23.9,40.0,-23.9,976.1,0,WIN
2023-04-10,5,1,4,975.0,880.5,976.1,-23.9,20.0,-23.9,976.1,0,WIN
2023-04-11,4,0,4,-20.0,-95.6,0.0,-23.9,0.0,-23.9,-23.9,0,LOSS
2023-04-12,7,3,4,1415.0,1282.7,459.43,-23.9,42.86,-23.9,976.1,0,WIN
2023-04-13,5,0,5,-25.0,-119.5,0.0,-23.9,0.0,-23.9,-23.9,0,LOSS
2023-04-14,6,2,4,1120.0,1006.6,551.1,-23.9,33.33,-23.9,976.1,0,WIN
2023-04-17,6,1,5,120.0,6.6,126.1,-23.9,16.67,-23.9,126.1,0,WIN
2023-04-18,4,1,3,130.0,54.4,126.1,-23.9,25.0,-23.9,126.1,0,WIN
2023-04-19,5,0,5,-25.0,-119.5,0.0,-23.9,0.0,-23.9,-23.9,0,LOSS
2023-04-20,4,1,3,280.0,204.4,276.1,-23.9,25.0,-23.9,276.1,0,WIN
2023-04-21,4,0,4,-20.0,-95.6,0.0,-23.9,0.0,-23.9,-23.9,0,LOSS
2023-04-24,5,2,3,1460.0,1365.5,718.6,-23.9,40.0,-23.9,976.1,0,WIN
2023-04-25,6,1,5,970.0,856.6,976.1,-23.9,16.67,-23.9,976.1,0,WIN
2023-04-26,4,1,3,682.5,606.9,678.6,-23.9,25.0,-23.9,678.6,0,WIN
2023-04-27,5,0,5,-25.0,-119.5,0.0,-23.9,0.0,-23.9,-23.9,0,LOSS
2023-04-28,6,1,5,470.0,356.6,476.1,-23.9,16.67,-23.9,476.1,0,WIN
2023-05-01,5,2,3,905.0,810.5,441.1,-23.9,40.0,-23.9,756.1,0,WIN
2023-05-02,5,1,4,125.0,30.5,126.1,-23.9,20.0,-23.9,126.1,0,WIN
2023-05-03,5,0,5,-25.0,-119.5,0.0,-23.9,0.0,-23.9,-23.9,0,LOSS
2023-05-04,5,1,4,125.0,30.5,126.1,-23.9,20.0,-23.9,126.1,0,WIN
2023-05-05,5,1,4,627.5,533.0,628.6,-23.9,20.0,-23.9,628.6,0,WIN
2023-05-08,4,0,4,-20.0,-95.6,0.0,-23.9,0.0,-23.9,-23.9,0,LOSS
2023-05-09,5,1,4,195.0,100.5,196.1,-23.9,20.0,-23.9,196.1,0,WIN
2023-05-10,5,0,5,-25.0,-119.5,0.0,-23.9,0.0,-23.9,-23.9,0,LOSS
2023-05-11,5,2,3,420.0,325.5,198.6,-23.9,40.0,-23.9,276.1,0,WIN
2023-05-12,5,1,4,692.5,598.0,693.6,-23.9,20.0,-23.9,693.6,0,WIN
2023-05-15,5,0,5,-25.0,-119.5,0.0,-23.9,0.0,-23.9,-23.9,0,LOSS
2023-05-16,5,0,5,-25.0,-119.5,0.0,-23.9,0.0,-23.9,-23.9,0,LOSS
2023-05-17,5,0,5,-25.0,-119.5,0.0,-23.9,0.0,-23.9,-23.9,0,LOSS
2023-05-18,4,0,4,-20.0,-95.6,0.0,-23.9,0.0,-23.9,-23.9,0,LOSS
2023-05-19,5,0,5,-25.0,-119.5,0.0,-23.9,0.0,-23.9,-23.9,0,LOSS
2023-05-22,5,2,3,985.0,890.5,481.1,-23.9,40.0,-23.9,581.1,0,WIN
2023-05-23,4,0,4,-20.0,-95.6,0.0,-23.9,0.0,-23.9,-23.9,0,LOSS
2023-05-24,6,2,4,420.0,306.6,201.1,-23.9,33.33,-23.9,276.1,0,WIN
2023-05-25,5,0,5,-25.0,-119.5,0.0,-23.9,0.0,-23.9,-23.9,0,LOSS
2023-05-26,5,0,5,-25.0,-119.5,0.0,-23.9,0.0,-23.9,-23.9,0,LOSS
2023-05-29,3,0,3,-15.0,-71.7,0.0,-23.9,0.0,-23.9,-23.9,0,LOSS
2023-05-30,4,1,3,130.0,54.4,126.1,-23.9,25.0,-23.9,126.1,0,WIN
2023-05-31,5,2,3,420.0,325.5,198.6,-23.9,40.0,-23.9,308.6,0,WIN
2023-06-01,4,0,4,-20.0,-95.6,0.0,-23.9,0.0,-23.9,-23.9,0,LOSS
2023-06-02,5,2,3,1125.0,1030.5,551.1,-23.9,40.0,-23.9,976.1,0,WIN
2023-06-05,5,0,5,-25.0,-119.5,0.0,-23.9,0.0,-23.9,-23.9,0,LOSS
2023-06-06,6,2,4,420.0,306.6,201.1,-23.9,33.33,-23.9,276.1,0,WIN
2023-06-07,5,1,4,125.0,30.5,126.1,-23.9,20.0,-23.9,126.1,0,WIN
2023-06-08,5,0,5,-25.0,-119.5,0.0,-23.9,0.0,-23.9,-23.9,0,LOSS
2023-06-09,4,1,3,980.0,904.4,976.1,-23.9,25.0,-23.9,976.1,0,WIN
2023-06-12,5,0,5,-25.0,-119.5,0.0,-23.9,0.0,-23.9,-23.9,0,LOSS
2023-06-13,5,1,4,975.0,880.5,976.1,-23.9,20.0,-23.9,976.1,0,WIN
2023-06-14,5,1,4,172.5,78.0,173.6,-23.9,20.0,-23.9,173.6,0,WIN
2023-06-15,5,2,3,1670.0,1575.5,823.6,-23.9,40.0,-23.9,976.1,0,WIN
2023-06-19,2,0,2,-10.0,-47.8,0.0,-23.9,0.0,-23.9,-23.9,0,LOSS
2023-06-20,6,4,2,1770.0,1656.6,426.1,-23.9,66.67,-23.9,976.1,0,WIN
2023-06-21,6,2,4,420.0,306.6,201.1,-23.9,33.33,-23.9,276.1,0,WIN
2023-06-22,6,3,3,1227.5,1114.1,395.27,-23.9,50.0,-23.9,583.6,0,WIN
2023-06-23,6,2,4,270.0,156.6,126.1,-23.9,33.33,-23.9,126.1,0,WIN
2023-06-26,6,3,3,967.5,854.1,308.6,-23.9,50.0,-23.9,673.6,0,WIN
2023-06-27,5,0,5,-25.0,-119.5,0.0,-23.9,0.0,-23.9,-23.9,0,LOSS
2023-06-28,7,3,4,2115.0,1982.7,692.77,-23.9,42.86,-23.9,976.1,0,WIN
2023-06-29,5,2,3,1125.0,1030.5,551.1,-23.9,40.0,-23.9,976.1,0,WIN
2023-06-30,5,1,4,77.5,-17.0,78.6,-23.9,20.0,-23.9,78.6,0,LOSS
2023-07-03,3,0,3,-15.0,-71.7,0.0,-23.9,0.0,-23.9,-23.9,0,LOSS
2023-07-04,3,1,2,135.0,78.3,126.1,-23.9,33.33,-23.9,126.1,0,WIN
2023-07-05,4,1,3,130.0,54.4,126.1,-23.9,25.0,-23.9,126.1,0,WIN
2023-07-06,5,1,4,275.0,180.5,276.1,-23.9,20.0,-23.9,276.1,0,WIN
2023-07-07,5,1,4,540.0,445.5,541.1,-23.9,20.0,-23.9,541.1,0,WIN
2023-07-10,4,2,2,1480.0,1404.4,726.1,-23.9,50.0,-23.9,976.1,0,WIN
2023-07-11,4,0,4,-20.0,-95.6,0.0,-23.9,0.0,-23.9,-23.9,0,LOSS
2023-07-12,4,0,4,-20.0,-95.6,0.0,-23.9,0.0,-23.9,-23.9,0,LOSS
2023-07-13,4,0,4,-20.0,-95.6,0.0,-23.9,0.0,-23.9,-23.9,0,LOSS
2023-07-14,4,0,4,-20.0,-95.6,0.0,-23.9,0.0,-23.9,-23.9,0,LOSS
2023-07-17,5,0,5,-25.0,-119.5,0.0,-23.9,0.0,-23.9,-23.9,0,LOSS
2023-07-18,5,1,4,125.0,30.5,126.1,-23.9,20.0,-23.9,126.1,0,WIN
2023-07-19,5,0,5,-25.0,-119.5,0.0,-23.9,0.0,-23.9,-23.9,0,LOSS
2023-07-20,5,1,4,975.0,880.5,976.1,-23.9,20.0,-23.9,976.1,0,WIN
2023-07-21,6,3,3,1570.0,1456.6,509.43,-23.9,50.0,-23.9,976.1,0,WIN
2023-07-24,4,1,3,980.0,904.4,976.1,-23.9,25.0,-23.9,976.1,0,WIN
2023-07-25,5,1,4,275.0,180.5,276.1,-23.9,20.0,-23.9,276.1,0,WIN
2023-07-26,5,1,4,125.0,30.5,126.1,-23.9,20.0,-23.9,126.1,0,WIN
2023-07-27,5,1,4,975.0,880.5,976.1,-23.9,20.0,-23.9,976.1,0,WIN
2023-07-28,4,0,4,-20.0,-95.6,0.0,-23.9,0.0,-23.9,-23.9,0,LOSS
2023-07-31,5,2,3,372.5,278.0,174.85,-23.9,40.0,-23.9,248.6,0,WIN
2023-08-01,5,0,5,-25.0,-119.5,0.0,-23.9,0.0,-23.9,-23.9,0,LOSS
2023-08-02,4,1,3,130.0,54.4,126.1,-23.9,25.0,-23.9,126.1,0,WIN
2023-08-03,6,3,3,920.0,806.6,292.77,-23.9,50.0,-23.9,476.1,0,WIN
2023-08-04,6,2,4,1470.0,1356.6,726.1,-23.9,33.33,-23.9,976.1,0,WIN
2023-08-07,5,1,4,975.0,880.5,976.1,-23.9,20.0,-23.9,976.1,0,WIN
2023-08-08,5,0,5,-25.0,-119.5,0.0,-23.9,0.0,-23.9,-23.9,0,LOSS
2023-08-09,5,3,2,2125.0,2030.5,692.77,-23.9,60.0,-23.9,976.1,0,WIN
2023-08-10,4,0,4,-20.0,-95.6,0.0,-23.9,0.0,-23.9,-23.9,0,LOSS
2023-08-11,4,1,3,280.0,204.4,276.1,-23.9,25.0,-23.9,276.1,0,WIN
2023-08-14,6,2,4,570.0,456.6,276.1,-23.9,33.33,-23.9,276.1,0,WIN
2023-08-15,4,1,3,167.5,91.9,163.6,-23.9,25.0,-23.9,163.6,0,WIN
2023-08-16,5,1,4,125.0,30.5,126.1,-23.9,20.0,-23.9,126.1,0,WIN
2023-08-17,6,1,5,120.0,6.6,126.1,-23.9,16.67,-23.9,126.1,0,WIN
2023-08-18,3,0,3,-15.0,-71.7,0.0,-23.9,0.0,-23.9,-23.9,0,LOSS
2023-08-21,5,0,5,-25.0,-119.5,0.0,-23.9,0.0,-23.9,-23.9,0,LOSS
2023-08-22,4,1,3,405.0,329.4,401.1,-23.9,25.0,-23.9,401.1,0,WIN
2023-08-23,5,1,4,125.0,30.5,126.1,-23.9,20.0,-23.9,126.1,0,WIN
2023-08-24,4,0,4,-20.0,-95.6,0.0,-23.9,0.0,-23.9,-23.9,0,LOSS
2023-08-25,5,1,4,475.0,380.5,476.1,-23.9,20.0,-23.9,476.1,0,WIN
2023-08-28,5,0,5,-25.0,-119.5,0.0,-23.9,0.0,-23.9,-23.9,0,LOSS
2023-08-29,4,0,4,-20.0,-95.6,0.0,-23.9,0.0,-23.9,-23.9,0,LOSS
2023-08-30,6,2,4,1470.0,1356.6,726.1,-23.9,33.33,-23.9,976.1,0,WIN
2023-08-31,5,0,5,-25.0,-119.5,0.0,-23.9,0.0,-23.9,-23.9,0,LOSS
2023-09-01,4,0,4,-20.0,-95.6,0.0,-23.9,0.0,-23.9,-23.9,0,LOSS
2023-09-04,2,0,2,-10.0,-47.8,0.0,-23.9,0.0,-23.9,-23.9,0,LOSS
2023-09-05,5,1,4,50.0,-44.5,51.1,-23.9,20.0,-23.9,51.1,0,LOSS
2023-09-06,5,2,3,1125.0,1030.5,551.1,-23.9,40.0,-23.9,976.1,0,WIN
2023-09-07,4,0,4,-20.0,-95.6,0.0,-23.9,0.0,-23.9,-23.9,0,LOSS
2023-09-08,5,0,5,-25.0,-119.5,0.0,-23.9,0.0,-23.9,-23.9,0,LOSS
2023-09-11,4,0,4,-20.0,-95.6,0.0,-23.9,0.0,-23.9,-23.9,0,LOSS
2023-09-12,5,2,3,1125.0,1030.5,551.1,-23.9,40.0,-23.9,976.1,0,WIN
2023-09-13,5,0,5,-25.0,-119.5,0.0,-23.9,0.0,-23.9,-23.9,0,LOSS
2023-09-14,5,0,5,-25.0,-119.5,0.0,-23.9,0.0,-23.9,-23.9,0,LOSS
2023-09-18,4,2,2,647.5,571.9,309.85,-23.9,50.0,-23.9,493.6,0,WIN
2023-09-19,6,2,4,340.0,226.6,161.1,-23.9,33.33,-23.9,276.1,0,WIN
2023-09-20,4,0,4,-20.0,-95.6,0.0,-23.9,0.0,-23.9,-23.9,0,LOSS
2023-09-21,5,0,5,-25.0,-119.5,0.0,-23.9,0.0,-23.9,-23.9,0,LOSS
2023-09-22,5,1,4,975.0,880.5,976.1,-23.9,20.0,-23.9,976.1,0,WIN
2023-09-25,5,1,4,975.0,880.5,976.1,-23.9,20.0,-23.9,976.1,0,WIN
2023-09-26,5,1,4,750.0,655.5,751.1,-23.9,20.0,-23.9,751.1,0,WIN
2023-09-27,5,1,4,275.0,180.5,276.1,-23.9,20.0,-23.9,276.1,0,WIN
2023-09-28,6,4,2,2270.0,2156.6,551.1,-23.9,66.67,-23.9,976.1,0,WIN
2023-09-29,6,1,5,470.0,356.6,476.1,-23.9,16.67,-23.9,476.1,0,WIN
2023-10-02,4,1,3,160.0,84.4,156.1,-23.9,25.0,-23.9,156.1,0,WIN
2023-10-03,6,1,5,120.0,6.6,126.1,-23.9,16.67,-23.9,126.1,0,WIN
2023-10-04,4,0,4,-20.0,-95.6,0.0,-23.9,0.0,-23.9,-23.9,0,LOSS
2023-10-05,5,1,4,447.5,353.0,448.6,-23.9,20.0,-23.9,448.6,0,WIN
2023-10-06,4,0,4,-20.0,-95.6,0.0,-23.9,0.0,-23.9,-23.9,0,LOSS
2023-10-09,5,1,4,125.0,30.5,126.1,-23.9,20.0,-23.9,126.1,0,WIN
2023-10-10,5,1,4,975.0,880.5,976.1,-23.9,20.0,-23.9,976.1,0,WIN
2023-10-11,5,1,4,677.5,583.0,678.6,-23.9,20.0,-23.9,678.6,0,WIN
2023-10-12,5,1,4,125.0,30.5,126.1,-23.9,20.0,-23.9,126.1,0,WIN
2023-10-13,5,2,3,650.0,555.5,313.6,-23.9,40.0,-23.9,351.1,0,WIN
2023-10-16,4,0,4,-20.0,-95.6,0.0,-23.9,0.0,-23.9,-23.9,0,LOSS
2023-10-17,5,2,3,775.0,680.5,376.1,-23.9,40.0,-23.9,476.1,0,WIN
2023-10-18,6,2,4,570.0,456.6,276.1,-23.9,33.33,-23.9,276.1,0,WIN
2023-10-19,8,6,2,3560.0,3408.8,576.1,-23.9,75.0,-23.9,976.1,0,WIN
2023-10-20,6,2,4,420.0,306.6,201.1,-23.9,33.33,-23.9,276.1,0,WIN
2023-10-23,5,1,4,975.0,880.5,976.1,-23.9,20.0,-23.9,976.1,0,WIN
2023-10-24,5,1,4,975.0,880.5,976.1,-23.9,20.0,-23.9,976.1,0,WIN
2023-10-25,5,1,4,975.0,880.5,976.1,-23.9,20.0,-23.9,976.1,0,WIN
2023-10-26,5,2,3,1125.0,1030.5,551.1,-23.9,40.0,-23.9,976.1,0,WIN
2023-10-27,6,3,3,1270.0,1156.6,409.43,-23.9,50.0,-23.9,976.1,0,WIN
2023-10-30,5,0,5,-25.0,-119.5,0.0,-23.9,0.0,-23.9,-23.9,0,LOSS
2023-10-31,5,1,4,275.0,180.5,276.1,-23.9,20.0,-23.9,276.1,0,WIN
2023-11-01,6,2,4,1120.0,1006.6,551.1,-23.9,33.33,-23.9,976.1,0,WIN
2023-11-02,5,0,5,-25.0,-119.5,0.0,-23.9,0.0,-23.9,-23.9,0,LOSS
2023-11-03,5,0,5,-25.0,-119.5,0.0,-23.9,0.0,-23.9,-23.9,0,LOSS
2023-11-06,6,2,4,592.5,479.1,287.35,-23.9,33.33,-23.9,298.6,0,WIN
2023-11-07,5,0,5,-25.0,-119.5,0.0,-23.9,0.0,-23.9,-23.9,0,LOSS
2023-11-08,5,2,3,567.5,473.0,272.35,-23.9,40.0,-23.9,418.6,0,WIN
2023-11-09,5,0,5,-25.0,-119.5,0.0,-23.9,0.0,-23.9,-23.9,0,LOSS
2023-11-10,5,0,5,-25.0,-119.5,0.0,-23.9,0.0,-23.9,-23.9,0,LOSS
2023-11-13,6,2,4,270.0,156.6,126.1,-23.9,33.33,-23.9,126.1,0,WIN
2023-11-14,5,1,4,270.0,175.5,271.1,-23.9,20.0,-23.9,271.1,0,WIN
2023-11-15,4,0,4,-20.0,-95.6,0.0,-23.9,0.0,-23.9,-23.9,0,LOSS
2023-11-16,6,3,3,842.5,729.1,266.93,-23.9,50.0,-23.9,398.6,0,WIN
2023-11-17,4,1,3,130.0,54.4,126.1,-23.9,25.0,-23.9,126.1,0,WIN
2023-11-20,5,1,4,975.0,880.5,976.1,-23.9,20.0,-23.9,976.1,0,WIN
2023-11-21,5,0,5,-25.0,-119.5,0.0,-23.9,0.0,-23.9,-23.9,0,LOSS
2023-11-22,5,2,3,1125.0,1030.5,551.1,-23.9,40.0,-23.9,976.1,0,WIN
2023-11-23,1,0,1,-5.0,-23.9,0.0,-23.9,0.0,-23.9,-23.9,0,LOSS
2023-11-24,3,1,2,135.0,78.3,126.1,-23.9,33.33,-23.9,126.1,0,WIN
2023-11-27,6,3,3,1037.5,924.1,331.93,-23.9,50.0,-23.9,743.6,0,WIN
2023-11-28,6,2,4,420.0,306.6,201.1,-23.9,33.33,-23.9,276.1,0,WIN
2023-11-29,5,0,5,-25.0,-119.5,0.0,-23.9,0.0,-23.9,-23.9,0,LOSS
2023-11-30,5,0,5,-25.0,-119.5,0.0,-23.9,0.0,-23.9,-23.9,0,LOSS
2023-12-01,5,1,4,180.0,85.5,181.1,-23.9,20.0,-23.9,181.1,0,WIN
2023-12-04,6,2,4,270.0,156.6,126.1,-23.9,33.33,-23.9,126.1,0,WIN
2023-12-05,5,1,4,475.0,380.5,476.1,-23.9,20.0,-23.9,476.1,0,WIN
2023-12-06,5,1,4,340.0,245.5,341.1,-23.9,20.0,-23.9,341.1,0,WIN
2023-12-07,5,0,5,-25.0,-119.5,0.0,-23.9,0.0,-23.9,-23.9,0,LOSS
2023-12-08,4,2,2,1615.0,1539.4,793.6,-23.9,50.0,-23.9,976.1,0,WIN
2023-12-11,4,0,4,-20.0,-95.6,0.0,-23.9,0.0,-23.9,-23.9,0,LOSS
2023-12-12,5,1,4,975.0,880.5,976.1,-23.9,20.0,-23.9,976.1,0,WIN
2023-12-13,5,0,5,-25.0,-119.5,0.0,-23.9,0.0,-23.9,-23.9,0,LOSS
2023-12-14,4,0,4,-20.0,-95.6,0.0,-23.9,0.0,-23.9,-23.9,0,LOSS
2023-12-18,5,0,5,-25.0,-119.5,0.0,-23.9,0.0,-23.9,-23.9,0,LOSS
2023-12-19,4,0,4,-20.0,-95.6,0.0,-23.9,0.0,-23.9,-23.9,0,LOSS
2023-12-20,4,0,4,-20.0,-95.6,0.0,-23.9,0.0,-23.9,-23.9,0,LOSS
2023-12-21,5,1,4,125.0,30.5,126.1,-23.9,20.0,-23.9,126.1,0,WIN
2023-12-22,3,0,3,-15.0,-71.7,0.0,-23.9,0.0,-23.9,-23.9,0,LOSS
2023-12-26,4,0,4,-20.0,-95.6,0.0,-23.9,0.0,-23.9,-23.9,0,LOSS
2023-12-27,5,0,5,-25.0,-119.5,0.0,-23.9,0.0,-23.9,-23.9,0,LOSS
2023-12-28,5,1,4,310.0,215.5,311.1,-23.9,20.0,-23.9,311.1,0,WIN
2023-12-29,4,1,3,247.5,171.9,243.6,-23.9,25.0,-23.9,243.6,0,WIN
2024-01-02,6,2,4,620.0,506.6,301.1,-23.9,33.33,-23.9,476.1,0,WIN
2024-01-03,5,0,5,-25.0,-119.5,0.0,-23.9,0.0,-23.9,-23.9,0,LOSS
2024-01-04,5,1,4,125.0,30.5,126.1,-23.9,20.0,-23.9,126.1,0,WIN
2024-01-05,5,2,3,817.5,723.0,397.35,-23.9,40.0,-23.9,518.6,0,WIN
2024-01-08,5,0,5,-25.0,-119.5,0.0,-23.9,0.0,-23.9,-23.9,0,LOSS
2024-01-09,4,1,3,280.0,204.4,276.1,-23.9,25.0,-23.9,276.1,0,WIN
2024-01-10,5,0,5,-25.0,-119.5,0.0,-23.9,0.0,-23.9,-23.9,0,LOSS
2024-01-11,5,1,4,475.0,380.5,476.1,-23.9,20.0,-23.9,476.1,0,WIN
2024-01-12,5,1,4,275.0,180.5,276.1,-23.9,20.0,-23.9,276.1,0,WIN
2024-01-15,1,0,1,-5.0,-23.9,0.0,-23.9,0.0,-23.9,-23.9,0,LOSS
2024-01-16,5,1,4,275.0,180.5,276.1,-23.9,20.0,-23.9,276.1,0,WIN
2024-01-17,5,0,5,-25.0,-119.5,0.0,-23.9,0.0,-23.9,-23.9,0,LOSS
2024-01-18,4,0,4,-20.0,-95.6,0.0,-23.9,0.0,-23.9,-23.9,0,LOSS
2024-01-19,5,0,5,-25.0,-119.5,0.0,-23.9,0.0,-23.9,-23.9,0,LOSS
2024-01-22,4,2,2,842.5,766.9,407.35,-23.9,50.0,-23.9,688.6,0,WIN
2024-01-23,5,0,5,-25.0,-119.5,0.0,-23.9,0.0,-23.9,-23.9,0,LOSS
2024-01-24,4,0,4,-20.0,-95.6,0.0,-23.9,0.0,-23.9,-23.9,0,LOSS
2024-01-25,5,1,4,975.0,880.5,976.1,-23.9,20.0,-23.9,976.1,0,WIN
2024-01-26,6,3,3,1420.0,1306.6,459.43,-23.9,50.0,-23.9,976.1,0,WIN
2024-01-29,5,0,5,-25.0,-119.5,0.0,-23.9,0.0,-23.9,-23.9,0,LOSS
2024-01-30,4,0,4,-20.0,-95.6,0.0,-23.9,0.0,-23.9,-23.9,0,LOSS
2024-01-31,5,1,4,475.0,380.5,476.1,-23.9,20.0,-23.9,476.1,0,WIN
2024-02-01,6,2,4,1270.0,1156.6,626.1,-23.9,33.33,-23.9,976.1,0,WIN
2024-02-02,5,0,5,-25.0,-119.5,0.0,-23.9,0.0,-23.9,-23.9,0,LOSS
2024-02-05,4,1,3,280.0,204.4,276.1,-23.9,25.0,-23.9,276.1,0,WIN
2024-02-06,5,1,4,975.0,880.5,976.1,-23.9,20.0,-23.9,976.1,0,WIN
2024-02-07,5,1,4,125.0,30.5,126.1,-23.9,20.0,-23.9,126.1,0,WIN
2024-02-08,5,2,3,425.0,330.5,201.1,-23.9,40.0,-23.9,276.1,0,WIN
2024-02-09,5,0,5,-25.0,-119.5,0.0,-23.9,0.0,-23.9,-23.9,0,LOSS
2024-02-12,4,0,4,-20.0,-95.6,0.0,-23.9,0.0,-23.9,-23.9,0,LOSS
2024-02-13,6,2,4,1120.0,1006.6,551.1,-23.9,33.33,-23.9,976.1,0,WIN
2024-02-14,4,1,3,980.0,904.4,976.1,-23.9,25.0,-23.9,976.1,0,WIN
2024-02-15,6,3,3,420.0,306.6,126.1,-23.9,50.0,-23.9,126.1,0,WIN
2024-02-16,5,1,4,125.0,30.5,126.1,-23.9,20.0,-23.9,126.1,0,WIN
2024-02-19,2,0,2,-10.0,-47.8,0.0,-23.9,0.0,-23.9,-23.9,0,LOSS
2024-02-20,5,1,4,125.0,30.5,126.1,-23.9,20.0,-23.9,126.1,0,WIN
2024-02-21,5,1,4,275.0,180.5,276.1,-23.9,20.0,-23.9,276.1,0,WIN
2024-02-22,5,0,5,-25.0,-119.5,0.0,-23.9,0.0,-23.9,-23.9,0,LOSS
2024-02-23,5,1,4,975.0,880.5,976.1,-23.9,20.0,-23.9,976.1,0,WIN
2024-02-26,4,0,4,-20.0,-95.6,0.0,-23.9,0.0,-23.9,-23.9,0,LOSS
2024-02-27,6,2,4,420.0,306.6,201.1,-23.9,33.33,-23.9,276.1,0,WIN
2024-02-28,5,0,5,-25.0,-119.5,0.0,-23.9,0.0,-23.9,-23.9,0,LOSS
2024-02-29,6,3,3,1620.0,1506.6,526.1,-23.9,50.0,-23.9,976.1,0,WIN
2024-03-01,5,0,5,-25.0,-119.5,0.0,-23.9,0.0,-23.9,-23.9,0,LOSS
2024-03-04,5,0,5,-25.0,-119.5,0.0,-23.9,0.0,-23.9,-23.9,0,LOSS
2024-03-05,5,0,5,-25.0,-119.5,0.0,-23.9,0.0,-23.9,-23.9,0,LOSS
2024-03-06,5,2,3,1125.0,1030.5,551.1,-23.9,40.0,-23.9,976.1,0,WIN
2024-03-07,5,0,5,-25.0,-119.5,0.0,-23.9,0.0,-23.9,-23.9,0,LOSS
2024-03-08,5,0,5,-25.0,-119.5,0.0,-23.9,0.0,-23.9,-23.9,0,LOSS
2024-03-11,4,1,3,480.0,404.4,476.1,-23.9,25.0,-23.9,476.1,0,WIN
2024-03-12,5,2,3,1350.0,1255.5,663.6,-23.9,40.0,-23.9,976.1,0,WIN
2024-03-13,5,1,4,275.0,180.5,276.1,-23.9,20.0,-23.9,276.1,0,WIN
2024-03-14,6,2,4,1120.0,1006.6,551.1,-23.9,33.33,-23.9,976.1,0,WIN
2024-03-18,5,3,2,1075.0,980.5,342.77,-23.9,60.0,-23.9,776.1,0,WIN
2024-03-19,6,2,4,420.0,306.6,201.1,-23.9,33.33,-23.9,276.1,0,WIN
2024-03-20,5,1,4,475.0,380.5,476.1,-23.9,20.0,-23.9,476.1,0,WIN
2024-03-21,5,1,4,975.0,880.5,976.1,-23.9,20.0,-23.9,976.1,0,WIN
2024-03-22,5,1,4,275.0,180.5,276.1,-23.9,20.0,-23.9,276.1,0,WIN
2024-03-25,5,2,3,975.0,880.5,476.1,-23.9,40.0,-23.9,476.1,0,WIN
2024-03-26,4,1,3,290.0,214.4,286.1,-23.9,25.0,-23.9,286.1,0,WIN
2024-03-27,5,0,5,-25.0,-119.5,0.0,-23.9,0.0,-23.9,-23.9,0,LOSS
2024-03-28,5,1,4,275.0,180.5,276.1,-23.9,20.0,-23.9,276.1,0,WIN
2024-04-01,5,1,4,975.0,880.5,976.1,-23.9,20.0,-23.9,976.1,0,WIN
2024-04-02,7,3,4,415.0,282.7,126.1,-23.9,42.86,-23.9,126.1,0,WIN
2024-04-03,6,2,4,715.0,601.6,348.6,-23.9,33.33,-23.9,476.1,0,WIN
2024-04-04,4,0,4,-20.0,-95.6,0.0,-23.9,0.0,-23.9,-23.9,0,LOSS
2024-04-05,5,1,4,275.0,180.5,276.1,-23.9,20.0,-23.9,276.1,0,WIN
2024-04-08,5,2,3,275.0,180.5,126.1,-23.9,40.0,-23.9,126.1,0,WIN
2024-04-09,5,1,4,975.0,880.5,976.1,-23.9,20.0,-23.9,976.1,0,WIN
2024-04-10,7,4,3,1065.0,932.7,251.1,-23.9,57.14,-23.9,476.1,0,WIN
2024-04-11,4,0,4,-20.0,-95.6,0.0,-23.9,0.0,-23.9,-23.9,0,LOSS
2024-04-12,6,2,4,420.0,306.6,201.1,-23.9,33.33,-23.9,276.1,0,WIN
2024-04-15,7,3,4,415.0,282.7,126.1,-23.9,42.86,-23.9,126.1,0,WIN
2024-04-16,6,2,4,770.0,656.6,376.1,-23.9,33.33,-23.9,476.1,0,WIN
2024-04-17,6,2,4,1270.0,1156.6,626.1,-23.9,33.33,-23.9,976.1,0,WIN
2024-04-18,5,1,4,275.0,180.5,276.1,-23.9,20.0,-23.9,276.1,0,WIN
2024-04-19,6,3,3,1770.0,1656.6,576.1,-23.9,50.0,-23.9,976.1,0,WIN
2024-04-22,6,2,4,1470.0,1356.6,726.1,-23.9,33.33,-23.9,976.1,0,WIN
2024-04-23,5,1,4,975.0,880.5,976.1,-23.9,20.0,-23.9,976.1,0,WIN
2024-04-24,5,1,4,975.0,880.5,976.1,-23.9,20.0,-23.9,976.1,0,WIN
2024-04-25,5,1,4,125.0,30.5,126.1,-23.9,20.0,-23.9,126.1,0,WIN
2024-04-26,5,0,5,-25.0,-119.5,0.0,-23.9,0.0,-23.9,-23.9,0,LOSS
2024-04-29,5,1,4,975.0,880.5,976.1,-23.9,20.0,-23.9,976.1,0,WIN
2024-04-30,4,0,4,-20.0,-95.6,0.0,-23.9,0.0,-23.9,-23.9,0,LOSS
2024-05-01,6,2,4,270.0,156.6,126.1,-23.9,33.33,-23.9,126.1,0,WIN
2024-05-02,5,1,4,475.0,380.5,476.1,-23.9,20.0,-23.9,476.1,0,WIN
2024-05-03,5,0,5,-25.0,-119.5,0.0,-23.9,0.0,-23.9,-23.9,0,LOSS
2024-05-06,5,0,5,-25.0,-119.5,0.0,-23.9,0.0,-23.9,-23.9,0,LOSS
2024-05-07,4,1,3,580.0,504.4,576.1,-23.9,25.0,-23.9,576.1,0,WIN
2024-05-08,6,3,3,920.0,806.6,292.77,-23.9,50.0,-23.9,476.1,0,WIN
2024-05-09,6,3,3,720.0,606.6,226.1,-23.9,50.0,-23.9,276.1,0,WIN
2024-05-10,5,1,4,475.0,380.5,476.1,-23.9,20.0,-23.9,476.1,0,WIN
2024-05-13,4,1,3,217.5,141.9,213.6,-23.9,25.0,-23.9,213.6,0,WIN
2024-05-14,5,0,5,-25.0,-119.5,0.0,-23.9,0.0,-23.9,-23.9,0,LOSS
2024-05-15,5,0,5,-25.0,-119.5,0.0,-23.9,0.0,-23.9,-23.9,0,LOSS
2024-05-16,4,1,3,377.5,301.9,373.6,-23.9,25.0,-23.9,373.6,0,WIN
2024-05-17,5,0,5,-25.0,-119.5,0.0,-23.9,0.0,-23.9,-23.9,0,LOSS
2024-05-20,4,1,3,980.0,904.4,976.1,-23.9,25.0,-23.9,976.1,0,WIN
2024-05-21,5,1,4,125.0,30.5,126.1,-23.9,20.0,-23.9,126.1,0,WIN
2024-05-22,4,1,3,130.0,54.4,126.1,-23.9,25.0,-23.9,126.1,0,WIN
2024-05-23,5,2,3,1975.0,1880.5,976.1,-23.9,40.0,-23.9,976.1,0,WIN
2024-05-24,5,2,3,650.0,555.5,313.6,-23.9,40.0,-23.9,501.1,0,WIN
2024-05-27,3,1,2,985.0,928.3,976.1,-23.9,33.33,-23.9,976.1,0,WIN
2024-05-28,5,1,4,125.0,30.5,126.1,-23.9,20.0,-23.9,126.1,0,WIN
2024-05-29,6,4,2,905.0,791.6,209.85,-23.9,66.67,-23.9,311.1,0,WIN
2024-05-30,6,2,4,420.0,306.6,201.1,-23.9,33.33,-23.9,276.1,0,WIN
2024-05-31,6,1,5,270.0,156.6,276.1,-23.9,16.67,-23.9,276.1,0,WIN
2024-06-03,4,1,3,130.0,54.4,126.1,-23.9,25.0,-23.9,126.1,0,WIN
2024-06-04,6,2,4,1120.0,1006.6,551.1,-23.9,33.33,-23.9,976.1,0,WIN
2024-06-05,5,0,5,-25.0,-119.5,0.0,-23.9,0.0,-23.9,-23.9,0,LOSS
2024-06-06,4,0,4,-20.0,-95.6,0.0,-23.9,0.0,-23.9,-23.9,0,LOSS
2024-06-07,6,3,3,1065.0,951.6,341.1,-23.9,50.0,-23.9,621.1,0,WIN
2024-06-10,5,2,3,470.0,375.5,223.6,-23.9,40.0,-23.9,276.1,0,WIN
2024-06-11,5,1,4,140.0,45.5,141.1,-23.9,20.0,-23.9,141.1,0,WIN
2024-06-12,6,3,3,1387.5,1274.1,448.6,-23.9,50.0,-23.9,976.1,0,WIN
2024-06-13,4,1,3,130.0,54.4,126.1,-23.9,25.0,-23.9,126.1,0,WIN
2024-06-14,5,1,4,275.0,180.5,276.1,-23.9,20.0,-23.9,276.1,0,WIN
2024-06-17,5,0,5,-25.0,-119.5,0.0,-23.9,0.0,-23.9,-23.9,0,LOSS
2024-06-18,5,1,4,370.0,275.5,371.1,-23.9,20.0,-23.9,371.1,0,WIN
2024-06-19,2,1,1,20.0,-17.8,6.1,-23.9,50.0,-23.9,6.1,0,LOSS
2024-06-20,4,0,4,-20.0,-95.6,0.0,-23.9,0.0,-23.9,-23.9,0,LOSS
2024-06-24,5,0,5,-25.0,-119.5,0.0,-23.9,0.0,-23.9,-23.9,0,LOSS
2024-06-25,5,0,5,-25.0,-119.5,0.0,-23.9,0.0,-23.9,-23.9,0,LOSS
2024-06-26,6,2,4,770.0,656.6,376.1,-23.9,33.33,-23.9,476.1,0,WIN
2024-06-27,5,0,5,-25.0,-119.5,0.0,-23.9,0.0,-23.9,-23.9,0,LOSS
2024-06-28,6,3,3,570.0,456.6,176.1,-23.9,50.0,-23.9,276.1,0,WIN
2024-07-01,4,0,4,-20.0,-95.6,0.0,-23.9,0.0,-23.9,-23.9,0,LOSS
2024-07-02,5,0,5,-25.0,-119.5,0.0,-23.9,0.0,-23.9,-23.9,0,LOSS
2024-07-03,2,0,2,-10.0,-47.8,0.0,-23.9,0.0,-23.9,-23.9,0,LOSS
2024-07-04,2,1,1,285.0,247.2,271.1,-23.9,50.0,-23.9,271.1,0,WIN
2024-07-05,4,0,4,-20.0,-95.6,0.0,-23.9,0.0,-23.9,-23.9,0,LOSS
2024-07-08,5,1,4,125.0,30.5,126.1,-23.9,20.0,-23.9,126.1,0,WIN
2024-07-09,5,1,4,125.0,30.5,126.1,-23.9,20.0,-23.9,126.1,0,WIN
2024-07-10,5,1,4,475.0,380.5,476.1,-23.9,20.0,-23.9,476.1,0,WIN
2024-07-11,5,1,4,975.0,880.5,976.1,-23.9,20.0,-23.9,976.1,0,WIN
2024-07-12,5,0,5,-25.0,-119.5,0.0,-23.9,0.0,-23.9,-23.9,0,LOSS
2024-07-15,7,3,4,1565.0,1432.7,509.43,-23.9,42.86,-23.9,976.1,0,WIN
2024-07-16,3,0,3,-15.0,-71.7,0.0,-23.9,0.0,-23.9,-23.9,0,LOSS
2024-07-17,7,4,3,715.0,582.7,163.6,-23.9,57.14,-23.9,276.1,0,WIN
2024-07-18,5,0,5,-25.0,-119.5,0.0,-23.9,0.0,-23.9,-23.9,0,LOSS
2024-07-19,5,1,4,975.0,880.5,976.1,-23.9,20.0,-23.9,976.1,0,WIN
2024-07-22,5,1,4,125.0,30.5,126.1,-23.9,20.0,-23.9,126.1,0,WIN
2024-07-23,5,2,3,575.0,480.5,276.1,-23.9,40.0,-23.9,276.1,0,WIN
2024-07-24,6,3,3,920.0,806.6,292.77,-23.9,50.0,-23.9,476.1,0,WIN
2024-07-25,6,2,4,1120.0,1006.6,551.1,-23.9,33.33,-23.9,976.1,0,WIN
2024-07-26,5,0,5,-25.0,-119.5,0.0,-23.9,0.0,-23.9,-23.9,0,LOSS
2024-07-29,5,1,4,975.0,880.5,976.1,-23.9,20.0,-23.9,976.1,0,WIN
2024-07-30,5,2,3,625.0,530.5,301.1,-23.9,40.0,-23.9,476.1,0,WIN
2024-07-31,6,2,4,770.0,656.6,376.1,-23.9,33.33,-23.9,476.1,0,WIN
2024-08-01,6,2,4,1470.0,1356.6,726.1,-23.9,33.33,-23.9,976.1,0,WIN
2024-08-02,5,2,3,775.0,680.5,376.1,-23.9,40.0,-23.9,476.1,0,WIN
2024-08-05,10,8,2,4350.0,4161.0,526.1,-23.9,80.0,-23.9,976.1,0,WIN
2024-08-06,7,3,4,2115.0,1982.7,692.77,-23.9,42.86,-23.9,976.1,0,WIN
2024-08-07,6,2,4,1120.0,1006.6,551.1,-23.9,33.33,-23.9,976.1,0,WIN
2024-08-08,5,1,4,475.0,380.5,476.1,-23.9,20.0,-23.9,476.1,0,WIN
2024-08-09,6,3,3,2470.0,2356.6,809.43,-23.9,50.0,-23.9,976.1,0,WIN
2024-08-12,6,3,3,1270.0,1156.6,409.43,-23.9,50.0,-23.9,476.1,0,WIN
2024-08-13,5,0,5,-25.0,-119.5,0.0,-23.9,0.0,-23.9,-23.9,0,LOSS
2024-08-14,5,1,4,275.0,180.5,276.1,-23.9,20.0,-23.9,276.1,0,WIN
2024-08-15,4,0,4,-20.0,-95.6,0.0,-23.9,0.0,-23.9,-23.9,0,LOSS
2024-08-16,6,2,4,420.0,306.6,201.1,-23.9,33.33,-23.9,276.1,0,WIN
2024-08-19,4,0,4,-20.0,-95.6,0.0,-23.9,0.0,-23.9,-23.9,0,LOSS
2024-08-20,4,1,3,980.0,904.4,976.1,-23.9,25.0,-23.9,976.1,0,WIN
2024-08-21,5,1,4,275.0,180.5,276.1,-23.9,20.0,-23.9,276.1,0,WIN
2024-08-22,7,4,3,2265.0,2132.7,551.1,-23.9,57.14,-23.9,976.1,0,WIN
2024-08-23,4,0,4,-20.0,-95.6,0.0,-23.9,0.0,-23.9,-23.9,0,LOSS
2024-08-26,6,2,4,1120.0,1006.6,551.1,-23.9,33.33,-23.9,976.1,0,WIN
2024-08-27,5,2,3,1475.0,1380.5,726.1,-23.9,40.0,-23.9,976.1,0,WIN
2024-08-28,6,2,4,270.0,156.6,126.1,-23.9,33.33,-23.9,126.1,0,WIN
2024-08-29,5,1,4,975.0,880.5,976.1,-23.9,20.0,-23.9,976.1,0,WIN
2024-08-30,5,0,5,-25.0,-119.5,0.0,-23.9,0.0,-23.9,-23.9,0,LOSS
2024-09-02,2,1,1,92.5,54.7,78.6,-23.9,50.0,-23.9,78.6,0,WIN
2024-09-03,6,1,5,270.0,156.6,276.1,-23.9,16.67,-23.9,276.1,0,WIN
2024-09-04,5,2,3,975.0,880.5,476.1,-23.9,40.0,-23.9,476.1,0,WIN
2024-09-05,6,2,4,620.0,506.6,301.1,-23.9,33.33,-23.9,476.1,0,WIN
2024-09-06,5,1,4,125.0,30.5,126.1,-23.9,20.0,-23.9,126.1,0,WIN
2024-09-09,6,2,4,1970.0,1856.6,976.1,-23.9,33.33,-23.9,976.1,0,WIN
2024-09-10,7,3,4,1615.0,1482.7,526.1,-23.9,42.86,-23.9,976.1,0,WIN
2024-09-11,5,0,5,-25.0,-119.5,0.0,-23.9,0.0,-23.9,-23.9,0,LOSS
2024-09-12,4,0,4,-20.0,-95.6,0.0,-23.9,0.0,-23.9,-23.9,0,LOSS
2024-09-13,5,1,4,475.0,380.5,476.1,-23.9,20.0,-23.9,476.1,0,WIN
2024-09-16,5,1,4,475.0,380.5,476.1,-23.9,20.0,-23.9,476.1,0,WIN
2024-09-17,5,1,4,275.0,180.5,276.1,-23.9,20.0,-23.9,276.1,0,WIN
2024-09-18,5,3,2,2475.0,2380.5,809.43,-23.9,60.0,-23.9,976.1,0,WIN
2024-09-19,5,1,4,975.0,880.5,976.1,-23.9,20.0,-23.9,976.1,0,WIN
2024-09-23,5,1,4,475.0,380.5,476.1,-23.9,20.0,-23.9,476.1,0,WIN
2024-09-24,5,2,3,1352.5,1258.0,664.85,-23.9,40.0,-23.9,976.1,0,WIN
2024-09-25,4,0,4,-20.0,-95.6,0.0,-23.9,0.0,-23.9,-23.9,0,LOSS
2024-09-26,5,0,5,-25.0,-119.5,0.0,-23.9,0.0,-23.9,-23.9,0,LOSS
2024-09-27,7,4,3,1415.0,1282.7,338.6,-23.9,57.14,-23.9,976.1,0,WIN
2024-09-30,6,2,4,1120.0,1006.6,551.1,-23.9,33.33,-23.9,976.1,0,WIN
2024-10-01,6,4,2,1920.0,1806.6,463.6,-23.9,66.67,-23.9,976.1,0,WIN
2024-10-02,5,2,3,1275.0,1180.5,626.1,-23.9,40.0,-23.9,976.1,0,WIN
2024-10-03,7,4,3,1365.0,1232.7,326.1,-23.9,57.14,-23.9,476.1,0,WIN
2024-10-04,5,3,2,1892.5,1798.0,615.27,-23.9,60.0,-23.9,976.1,0,WIN
2024-10-07,4,2,2,1130.0,1054.4,551.1,-23.9,50.0,-23.9,976.1,0,WIN
2024-10-08,5,1,4,335.0,240.5,336.1,-23.9,20.0,-23.9,336.1,0,WIN
2024-10-09,4,0,4,-20.0,-95.6,0.0,-23.9,0.0,-23.9,-23.9,0,LOSS
2024-10-10,6,3,3,570.0,456.6,176.1,-23.9,50.0,-23.9,276.1,0,WIN
2024-10-11,5,2,3,757.5,663.0,367.35,-23.9,40.0,-23.9,476.1,0,WIN
2024-10-14,5,1,4,125.0,30.5,126.1,-23.9,20.0,-23.9,126.1,0,WIN
2024-10-15,5,1,4,275.0,180.5,276.1,-23.9,20.0,-23.9,276.1,0,WIN
2024-10-16,6,3,3,982.5,869.1,313.6,-23.9,50.0,-23.9,538.6,0,WIN
2024-10-17,5,0,5,-25.0,-119.5,0.0,-23.9,0.0,-23.9,-23.9,0,LOSS
2024-10-18,5,1,4,162.5,68.0,163.6,-23.9,20.0,-23.9,163.6,0,WIN
2024-10-21,6,3,3,1420.0,1306.6,459.43,-23.9,50.0,-23.9,976.1,0,WIN
2024-10-22,5,2,3,425.0,330.5,201.1,-23.9,40.0,-23.9,276.1,0,WIN
2024-10-23,5,1,4,475.0,380.5,476.1,-23.9,20.0,-23.9,476.1,0,WIN
2024-10-24,4,0,4,-20.0,-95.6,0.0,-23.9,0.0,-23.9,-23.9,0,LOSS
2024-10-25,5,1,4,975.0,880.5,976.1,-23.9,20.0,-23.9,976.1,0,WIN
2024-10-28,5,1,4,125.0,30.5,126.1,-23.9,20.0,-23.9,126.1,0,WIN
2024-10-29,6,2,4,1270.0,1156.6,626.1,-23.9,33.33,-23.9,976.1,0,WIN
2024-10-30,5,2,3,1275.0,1180.5,626.1,-23.9,40.0,-23.9,976.1,0,WIN
2024-10-31,5,1,4,125.0,30.5,126.1,-23.9,20.0,-23.9,126.1,0,WIN
2024-11-01,5,1,4,125.0,30.5,126.1,-23.9,20.0,-23.9,126.1,0,WIN
2024-11-04,5,2,3,625.0,530.5,301.1,-23.9,40.0,-23.9,476.1,0,WIN
2024-11-05,5,0,5,-25.0,-119.5,0.0,-23.9,0.0,-23.9,-23.9,0,LOSS
2024-11-06,5,1,4,975.0,880.5,976.1,-23.9,20.0,-23.9,976.1,0,WIN
2024-11-07,5,0,5,-25.0,-119.5,0.0,-23.9,0.0,-23.9,-23.9,0,LOSS
2024-11-08,6,3,3,770.0,656.6,242.77,-23.9,50.0,-23.9,476.1,0,WIN
2024-11-11,4,1,3,460.0,384.4,456.1,-23.9,25.0,-23.9,456.1,0,WIN
2024-11-12,5,2,3,1587.5,1493.0,782.35,-23.9,40.0,-23.9,976.1,0,WIN
2024-11-13,4,0,4,-20.0,-95.6,0.0,-23.9,0.0,-23.9,-23.9,0,LOSS
2024-11-14,6,3,3,570.0,456.6,176.1,-23.9,50.0,-23.9,276.1,0,WIN
2024-11-15,6,1,5,120.0,6.6,126.1,-23.9,16.67,-23.9,126.1,0,WIN
2024-11-18,6,2,4,270.0,156.6,126.1,-23.9,33.33,-23.9,126.1,0,WIN
2024-11-19,4,0,4,-20.0,-95.6,0.0,-23.9,0.0,-23.9,-23.9,0,LOSS
2024-11-20,6,3,3,2270.0,2156.6,742.77,-23.9,50.0,-23.9,976.1,0,WIN
2024-11-21,5,2,3,1257.5,1163.0,617.35,-23.9,40.0,-23.9,976.1,0,WIN
2024-11-22,5,1,4,125.0,30.5,126.1,-23.9,20.0,-23.9,126.1,0,WIN
2024-11-25,4,2,2,1130.0,1054.4,551.1,-23.9,50.0,-23.9,976.1,0,WIN
2024-11-26,4,0,4,-20.0,-95.6,0.0,-23.9,0.0,-23.9,-23.9,0,LOSS
2024-11-27,5,1,4,125.0,30.5,126.1,-23.9,20.0,-23.9,126.1,0,WIN
2024-11-28,3,1,2,85.0,28.3,76.1,-23.9,33.33,-23.9,76.1,0,WIN
2024-11-29,2,0,2,-10.0,-47.8,0.0,-23.9,0.0,-23.9,-23.9,0,LOSS
2024-12-02,5,2,3,960.0,865.5,468.6,-23.9,40.0,-23.9,561.1,0,WIN
2024-12-03,5,1,4,125.0,30.5,126.1,-23.9,20.0,-23.9,126.1,0,WIN
2024-12-04,5,0,5,-25.0,-119.5,0.0,-23.9,0.0,-23.9,-23.9,0,LOSS
2024-12-05,4,0,4,-20.0,-95.6,0.0,-23.9,0.0,-23.9,-23.9,0,LOSS
2024-12-06,4,0,4,-20.0,-95.6,0.0,-23.9,0.0,-23.9,-23.9,0,LOSS
2024-12-09,7,4,3,1252.5,1120.2,297.98,-23.9,57.14,-23.9,813.6,0,WIN
2024-12-10,5,1,4,975.0,880.5,976.1,-23.9,20.0,-23.9,976.1,0,WIN
2024-12-11,5,0,5,-25.0,-119.5,0.0,-23.9,0.0,-23.9,-23.9,0,LOSS
2024-12-12,5,1,4,450.0,355.5,451.1,-23.9,20.0,-23.9,451.1,0,WIN
2024-12-13,6,3,3,1420.0,1306.6,459.43,-23.9,50.0,-23.9,976.1,0,WIN
2024-12-16,5,0,5,-25.0,-119.5,0.0,-23.9,0.0,-23.9,-23.9,0,LOSS
2024-12-17,5,0,5,-25.0,-119.5,0.0,-23.9,0.0,-23.9,-23.9,0,LOSS
2024-12-18,5,2,3,275.0,180.5,126.1,-23.9,40.0,-23.9,126.1,0,WIN
2024-12-19,6,4,2,3270.0,3156.6,801.1,-23.9,66.67,-23.9,976.1,0,WIN
2024-12-23,5,0,5,-25.0,-119.5,0.0,-23.9,0.0,-23.9,-23.9,0,LOSS
2024-12-24,3,1,2,985.0,928.3,976.1,-23.9,33.33,-23.9,976.1,0,WIN
2024-12-26,6,2,4,270.0,156.6,126.1,-23.9,33.33,-23.9,126.1,0,WIN
2024-12-27,5,2,3,1275.0,1180.5,626.1,-23.9,40.0,-23.9,976.1,0,WIN
2024-12-30,5,1,4,125.0,30.5,126.1,-23.9,20.0,-23.9,126.1,0,WIN
2024-12-31,7,5,2,2015.0,1882.7,386.1,-23.9,71.43,-23.9,976.1,0,WIN
